,date,latitude,longitude,satellite,instrument,avg_frp,surface_temp,confidence,fire_count,city
0,2001-01-03,32.802675,-116.687525,1.0,1.0,1447.0,324.825,100.0,4,los_angeles
1,2001-05-27,39.984300000000005,-119.65835,1.0,1.0,959.85,297.45,100.0,2,san_fran
2,2001-06-03,32.7075,-115.1623,1.0,1.0,707.4,322.2,100.0,1,los_angeles
3,2001-07-27,38.610733333333336,-119.6339,1.0,1.0,1637.0666666666668,321.93333333333334,100.0,3,san_fran
4,2001-08-05,41.7544,-114.2695,1.0,1.0,780.7,325.8,100.0,1,san_fran
5,2001-08-09,39.379,-122.6687,1.0,1.0,1605.5,325.2,94.0,1,san_fran
6,2001-08-11,41.1877,-120.28376666666668,1.0,1.0,1730.0,350.73333333333335,100.0,3,san_fran
7,2001-08-13,39.29656666666667,-120.62516666666666,1.0,1.0,1178.3999999999999,347.09999999999997,98.0,3,san_fran
8,2001-08-14,40.8544,-117.91882142857142,1.0,1.0,1045.5357142857142,312.45,100.0,14,san_fran
9,2001-08-15,40.568915,-117.70309,1.0,1.0,1771.815,307.96500000000003,100.0,20,san_fran
10,2001-08-16,40.400133333333336,-117.74483333333335,1.0,1.0,942.1999999999999,320.0,100.0,3,san_fran
11,2001-08-17,40.333733333333335,-117.45732222222222,1.0,1.0,1301.177777777778,305.0111111111111,100.0,9,san_fran
12,2001-08-19,38.8506,-114.2287,1.0,1.0,714.9,324.9,100.0,1,san_fran
13,2001-08-20,37.9234,-120.2481,1.0,1.0,1131.08,335.46000000000004,100.0,5,san_fran
14,2001-08-28,39.8795,-115.2701,1.0,1.0,860.1,298.4,100.0,1,san_fran
15,2001-09-06,39.02616666666667,-120.98306666666667,1.0,1.0,3067.922222222222,310.6,97.88888888888889,9,san_fran
16,2001-09-10,38.1836,-120.2727,1.0,1.0,957.9,301.8,100.0,1,san_fran
17,2001-10-12,34.4808,-118.479,1.0,1.0,764.2,308.0,100.0,1,los_angeles
18,2002-06-03,34.58665,-119.25205,1.0,1.0,972.6,315.65,100.0,2,los_angeles
19,2002-06-04,34.59695,-119.21340000000001,1.0,1.0,1955.8,322.95,100.0,2,los_angeles
20,2002-06-05,34.5848,-119.2027,1.0,1.0,706.5,326.9,100.0,1,los_angeles
21,2002-06-06,34.58121052631579,-119.18827368421053,1.0,1.0,3730.036842105263,310.07894736842104,99.6842105263158,19,los_angeles
22,2002-06-17,38.468,-119.4848,1.0,1.0,719.1,329.7,100.0,1,san_fran
23,2002-06-18,37.79955,-119.08319166666666,1.0,1.0,1307.7,320.4166666666667,100.0,12,san_fran
24,2002-07-01,37.5338,-118.6631,1.0,1.0,1593.2,362.7,100.0,1,san_fran
25,2002-07-10,36.0421,-121.2277,1.0,1.0,762.7,335.9,100.0,1,los_angeles
26,2002-07-12,37.1743,-118.42245,2.0,1.0,1314.3,302.15,100.0,4,san_fran
27,2002-07-13,38.850449999999995,-119.44194999999999,1.5,1.0,944.0,343.8,100.0,2,san_fran
28,2002-07-14,38.488566666666664,-116.88071666666667,2.0,1.0,2157.633333333333,322.3,99.5,12,san_fran
29,2002-07-15,40.45451,-120.98622,1.7,1.0,1251.68,322.88,100.0,10,san_fran
30,2002-07-16,36.9767,-116.93759999999999,1.6666666666666667,1.0,1338.6999999999998,317.1333333333333,100.0,3,los_angeles
31,2002-07-21,35.931349999999995,-118.48304999999999,2.0,1.0,2008.05,324.85,100.0,2,los_angeles
32,2002-07-22,35.97362413793103,-118.48811379310345,1.6206896551724137,1.0,1622.8241379310346,349.9103448275862,100.0,29,los_angeles
33,2002-07-23,35.9968375,-118.44669999999999,1.75,1.0,1275.08125,321.59375,99.625,16,los_angeles
34,2002-07-24,36.082300000000004,-118.43635,1.5,1.0,946.6500000000001,311.5,97.0,2,los_angeles
35,2002-07-25,36.0776,-118.447,2.0,1.0,900.6,326.9,100.0,1,los_angeles
36,2002-07-26,36.112,-118.4375,2.0,1.0,879.6,302.7,100.0,1,los_angeles
37,2002-07-28,40.30804285714286,-122.33684285714286,1.2857142857142858,1.0,1573.1142857142859,321.59999999999997,100.0,7,san_fran
38,2002-07-29,40.76402,-122.84512,1.6,1.0,1044.9,315.54,100.0,5,san_fran
39,2002-07-30,33.06472,-116.56032,1.0,1.0,1307.34,320.65999999999997,96.2,5,los_angeles
40,2002-07-31,33.0115,-116.52255,1.0,1.0,851.4,307.45,100.0,4,los_angeles
41,2002-08-01,33.149,-116.5641,1.0,1.0,1056.3,317.5,100.0,1,los_angeles
42,2002-08-02,32.96169999999999,-116.48205,1.0,1.0,1714.25,332.2,100.0,2,los_angeles
43,2002-08-03,34.1390625,-117.19151875,1.0,1.0,1781.29375,326.175,99.625,16,los_angeles
44,2002-08-04,34.581725,-117.426975,1.0,1.0,1754.875,312.9,100.0,4,los_angeles
45,2002-08-05,33.789699999999996,-116.95263,1.0,1.0,2332.88,315.31,100.0,10,los_angeles
46,2002-08-08,35.92188181818182,-118.52284545454545,1.5454545454545454,1.0,1462.9818181818182,328.8818181818182,100.0,11,los_angeles
47,2002-08-10,36.2063,-118.33455000000001,2.0,1.0,999.05,326.6,100.0,2,los_angeles
48,2002-08-11,36.23663333333334,-118.31553333333333,1.0,1.0,835.6,285.7,100.0,3,los_angeles
49,2002-08-17,36.0378,-118.39486666666666,2.0,1.0,1143.8666666666666,310.3,100.0,3,los_angeles
50,2002-08-18,36.0961,-118.35816666666666,2.0,1.0,1293.8333333333333,310.06666666666666,100.0,3,los_angeles
51,2002-08-20,39.6111,-123.44935,2.0,1.0,868.1,310.25,100.0,2,san_fran
52,2002-09-02,34.2847,-117.7808,2.0,1.0,1932.225,347.1,100.0,4,los_angeles
53,2002-09-04,34.5834125,-118.2519375,1.25,1.0,1448.15,338.0,100.0,8,los_angeles
54,2002-09-23,34.1621,-117.7993,1.0,1.0,811.8,319.2,100.0,1,los_angeles
55,2002-09-24,34.83144,-117.87875999999999,1.0,1.0,1297.8600000000001,309.88,100.0,5,los_angeles
56,2002-09-25,34.228049999999996,-117.81275,2.0,1.0,851.5999999999999,309.4,100.0,2,los_angeles
57,2002-10-12,36.0497,-121.0777,2.0,1.0,1107.95,310.95,100.0,2,los_angeles
58,2002-10-30,35.1379,-120.4807,2.0,1.0,852.15,297.25,100.0,2,los_angeles
59,2003-02-05,33.1168,-115.4492,2.0,1.0,728.9,295.5,100.0,1,los_angeles
60,2003-06-01,37.5381,-121.331,2.0,1.0,926.3,332.9,100.0,1,san_fran
61,2003-06-19,34.0389,-114.4563,2.0,1.0,707.6,334.1,100.0,1,los_angeles
62,2003-07-16,33.417500000000004,-116.587925,2.0,1.0,1606.15,384.70000000000005,100.0,4,los_angeles
63,2003-07-17,34.58362222222222,-116.09673333333333,1.7777777777777777,1.0,1152.611111111111,302.15555555555557,100.0,9,los_angeles
64,2003-07-19,40.5251,-114.283,1.0,1.0,1068.0,314.8,100.0,1,san_fran
65,2003-07-20,36.41435,-120.180725,1.75,1.0,1116.225,301.025,100.0,4,los_angeles
66,2003-07-21,40.6999,-119.9928,1.0,1.0,867.5,319.3,100.0,1,san_fran
67,2003-07-23,37.498999999999995,-114.4085,2.0,1.0,830.45,330.8,100.0,2,san_fran
68,2003-07-24,34.55611666666667,-118.30846666666666,2.0,1.0,1573.2,316.3,100.0,6,los_angeles
69,2003-07-28,41.9971,-115.3808,2.0,1.0,818.7,296.2,100.0,1,san_fran
70,2003-08-18,33.9655,-117.1687,2.0,1.0,910.8,309.8,100.0,1,los_angeles
71,2003-08-19,33.9786,-117.1588,1.0,1.0,1249.6,324.1,100.0,1,los_angeles
72,2003-08-27,37.330157142857146,-121.45197142857144,1.5714285714285714,1.0,1333.0714285714287,335.0,100.0,7,san_fran
73,2003-08-29,37.2301,-121.2196,1.0,1.0,771.2,322.0,100.0,1,san_fran
74,2003-09-13,39.51185,-122.82900000000001,1.0,1.0,1448.25,341.65,100.0,2,san_fran
75,2003-09-14,39.4908,-122.8383,2.0,1.0,1562.1,400.1,100.0,1,san_fran
76,2003-09-17,34.3928,-119.1034,2.0,1.0,777.0,303.0,100.0,1,los_angeles
77,2003-09-26,37.8455,-119.7246,1.0,1.0,1758.4,324.3,100.0,1,san_fran
78,2003-09-28,39.63896666666667,-122.84657777777778,1.6666666666666667,1.0,1544.4666666666665,345.1666666666667,100.0,9,san_fran
79,2003-09-30,36.2443,-118.1439,2.0,1.0,1320.7,320.0,100.0,1,los_angeles
80,2003-10-08,36.5062,-121.2847,1.0,1.0,1128.4,337.0,100.0,1,los_angeles
81,2003-10-13,34.7572,-118.7706,2.0,1.0,878.0,321.8,100.0,1,los_angeles
82,2003-10-21,33.4057,-117.3618,2.0,1.0,951.3,314.9,100.0,1,los_angeles
83,2003-10-22,33.4255,-117.3637,1.5,1.0,1284.6,321.35,100.0,2,los_angeles
84,2003-10-23,34.2198,-117.4864,2.0,1.0,1380.9,297.4,100.0,1,los_angeles
85,2003-10-24,34.90635882352941,-118.76308823529412,1.3529411764705883,1.0,1111.3,316.6529411764706,99.29411764705883,17,los_angeles
86,2003-10-25,34.240254166666666,-117.60677083333333,1.3333333333333333,1.0,2004.125,330.7,98.95833333333333,24,los_angeles
87,2003-10-26,33.643180813953485,-117.50672383720931,1.5406976744186047,1.0,1740.2854651162788,318.41918604651164,99.41279069767442,172,los_angeles
88,2003-10-27,33.25916125,-117.05632375,1.4625,1.0,1247.2887500000002,334.90749999999997,99.925,80,los_angeles
89,2003-10-28,33.63700161290323,-117.1837064516129,1.4516129032258065,1.0,1405.3064516129032,311.28064516129035,100.0,62,los_angeles
90,2003-10-29,33.59065555555556,-117.12721428571429,1.3968253968253967,1.0,1254.7825396825397,328.8920634920635,99.2063492063492,63,los_angeles
91,2004-04-25,33.4959,-116.8397,2.0,1.0,1862.0,400.1,100.0,1,los_angeles
92,2004-05-04,33.997225,-117.9887,1.75,1.0,1264.575,365.8,100.0,4,los_angeles
93,2004-06-06,34.50122,-120.18274000000001,1.8,1.0,2498.7,321.58000000000004,100.0,5,los_angeles
94,2004-06-16,39.6066,-121.8744,1.0,1.0,952.6,319.4,100.0,1,san_fran
95,2004-06-21,36.6497,-114.0652,1.0,1.0,1260.0,324.8,100.0,1,los_angeles
96,2004-06-25,34.613,-118.7236,2.0,1.0,1393.9,334.3,100.0,1,los_angeles
97,2004-07-10,39.98051666666667,-115.51068333333335,2.0,1.0,1703.9666666666665,317.75,100.0,6,san_fran
98,2004-07-12,34.7378,-118.6528,2.0,1.0,2625.7,400.1,100.0,1,los_angeles
99,2004-07-13,34.41148,-117.6602,1.8,1.0,1529.92,320.65999999999997,100.0,5,los_angeles
100,2004-07-14,38.795925,-119.749575,2.0,1.0,1045.075,364.75,100.0,4,san_fran
101,2004-07-15,34.73385,-118.59360000000001,1.0,1.0,1250.05,298.65,100.0,2,los_angeles
102,2004-07-16,39.1945,-119.8249,2.0,1.0,739.9,326.0,100.0,1,san_fran
103,2004-07-17,34.46986666666667,-118.54823333333333,2.0,1.0,1337.2666666666667,306.76666666666665,100.0,3,los_angeles
104,2004-07-18,34.3614,-118.4738,1.3333333333333333,1.0,801.3000000000001,314.1666666666667,100.0,3,los_angeles
105,2004-07-21,34.4590125,-118.078025,1.875,1.0,1837.3999999999999,372.40000000000003,100.0,8,los_angeles
106,2004-07-29,37.5473,-114.0032,2.0,1.0,992.3,400.1,100.0,1,san_fran
107,2004-07-30,37.5595,-114.0197,2.0,1.0,741.6,323.9,100.0,1,san_fran
108,2004-08-08,33.5901,-116.7603,2.0,1.0,910.4,338.3,100.0,1,los_angeles
109,2004-08-09,37.60134,-120.98994,1.4,1.0,940.9799999999999,320.44,100.0,5,san_fran
110,2004-08-12,40.70903333333334,-122.1893,2.0,1.0,1467.6000000000001,322.8666666666666,100.0,3,san_fran
111,2004-08-13,36.176950000000005,-118.722375,1.5,1.0,1016.425,302.95,100.0,4,los_angeles
112,2004-08-15,40.6749,-122.6579,2.0,1.0,1430.0,400.1,100.0,1,san_fran
113,2004-08-25,39.337133333333334,-119.75766666666668,2.0,1.0,1757.9666666666665,307.01666666666665,97.0,6,san_fran
114,2004-09-04,38.73592,-122.74184,1.6,1.0,1572.76,334.54,100.0,5,san_fran
115,2004-09-07,34.3354,-117.4897,2.0,1.0,1027.5,331.1,100.0,1,los_angeles
116,2004-09-12,37.8366,-120.0364,2.0,1.0,1497.0,317.7,100.0,1,san_fran
117,2004-09-13,32.5858,-116.5181,1.5,1.0,1592.25,332.5,100.0,2,los_angeles
118,2004-09-23,36.24165,-121.49905000000001,1.0,1.0,874.3,289.5,100.0,2,los_angeles
119,2004-09-25,41.8953,-119.7238,1.0,1.0,832.4,320.4,100.0,1,san_fran
120,2004-10-12,38.77564375,-122.27030625,1.25,1.0,1716.38125,316.55,99.25,16,san_fran
121,2004-10-13,38.4991,-120.26955,2.0,1.0,1784.4,400.1,100.0,2,san_fran
122,2004-10-14,38.72787777777778,-120.29851111111111,1.0,1.0,1195.3666666666666,313.31111111111113,100.0,9,san_fran
123,2004-10-15,37.961125,-119.71925,1.0,1.0,1655.3249999999998,333.075,95.25,4,san_fran
124,2005-06-23,35.648384615384614,-115.48455384615384,1.6153846153846154,1.0,1212.7384615384615,334.223076923077,100.0,13,los_angeles
125,2005-06-24,37.0550625,-114.51055,1.8125,1.0,1416.5125,349.81875,100.0,16,san_fran
126,2005-06-25,37.017671428571425,-114.52087142857144,2.0,1.0,831.3571428571429,318.04285714285714,100.0,7,san_fran
127,2005-06-27,37.2196,-114.22370000000001,2.0,1.0,912.4799999999999,320.62,100.0,5,san_fran
128,2005-06-28,36.49467777777778,-114.16602222222224,1.5555555555555556,1.0,1321.9888888888888,350.14444444444445,100.0,9,los_angeles
129,2005-06-29,37.0104,-114.56493333333333,2.0,1.0,1155.0,305.5,100.0,3,san_fran
130,2005-07-01,36.9628,-114.4553,1.0,1.0,1562.2,327.6,100.0,1,los_angeles
131,2005-07-02,37.3193,-114.82130000000001,2.0,1.0,944.4,328.4,100.0,2,san_fran
132,2005-07-03,37.264516666666665,-114.73345,1.1666666666666667,1.0,925.9,315.90000000000003,100.0,6,san_fran
133,2005-07-04,37.26645,-114.71305,1.75,1.0,964.45,329.825,100.0,4,san_fran
134,2005-07-06,37.35657142857143,-114.69048571428571,2.0,1.0,1195.542857142857,308.6714285714285,100.0,7,san_fran
135,2005-07-08,37.4189,-114.6976,2.0,1.0,1217.1,328.15,100.0,2,san_fran
136,2005-07-16,41.251000000000005,-116.6818,2.0,1.0,950.0,335.5,100.0,1,san_fran
137,2005-07-17,41.3468,-116.55305454545454,1.0,1.0,1364.0,335.4909090909091,100.0,11,san_fran
138,2005-07-18,41.130520000000004,-116.50146,1.0,1.0,831.4799999999999,328.68,100.0,5,san_fran
139,2005-07-19,41.172,-116.40186666666666,2.0,1.0,871.6333333333333,359.6333333333334,100.0,3,san_fran
140,2005-07-20,41.1019,-116.4447,2.0,1.0,1224.5,327.8,100.0,1,san_fran
141,2005-07-31,36.569649999999996,-115.035,1.0,1.0,916.5999999999999,302.54999999999995,100.0,2,los_angeles
142,2005-08-21,36.820800000000006,-118.64959999999999,2.0,1.0,877.15,301.15,100.0,2,los_angeles
143,2005-08-23,41.6226,-118.46778333333333,1.6666666666666667,1.0,935.2666666666668,311.48333333333335,100.0,6,san_fran
144,2005-08-25,39.644133333333336,-120.32333333333334,2.0,1.0,1177.6000000000001,349.3666666666666,100.0,3,san_fran
145,2005-08-27,39.8964,-114.938,2.0,1.0,757.7,323.2,100.0,1,san_fran
146,2005-08-29,40.918625,-115.602975,1.5,1.0,1006.4000000000001,359.27500000000003,100.0,4,san_fran
147,2005-09-06,33.1411,-116.61045,2.0,1.0,791.95,305.7,100.0,2,los_angeles
148,2005-09-24,35.9471,-121.021,1.0,1.0,749.5,303.9,100.0,1,los_angeles
149,2005-09-29,34.22541,-118.72927,1.8,1.0,1146.77,308.0,100.0,10,los_angeles
150,2005-09-30,34.2126,-118.2978,2.0,1.0,913.9,335.6,100.0,1,los_angeles
151,2005-10-05,32.57006666666667,-116.68079999999999,1.0,1.0,1217.3,316.23333333333335,100.0,3,los_angeles
152,2005-12-13,34.9847,-120.1539,2.0,1.0,1021.0,307.3,100.0,1,los_angeles
153,2006-02-08,33.8392,-117.6575,2.0,1.0,790.3,314.8,100.0,1,los_angeles
154,2006-02-26,41.5112,-122.3249,2.0,1.0,1444.0,325.5,100.0,1,san_fran
155,2006-06-05,40.8619,-117.9159,2.0,1.0,709.7,315.6,100.0,1,san_fran
156,2006-06-12,36.0747,-117.66855,2.0,1.0,1889.65,317.9,100.0,2,los_angeles
157,2006-06-19,34.8645,-119.70075000000001,2.0,1.0,1280.0,312.96666666666664,100.0,6,los_angeles
158,2006-06-20,34.8588,-119.73543333333333,2.0,1.0,1547.4333333333334,400.1000000000001,100.0,3,los_angeles
159,2006-06-21,34.82783333333333,-119.72716666666668,2.0,1.0,1175.0,321.1333333333334,100.0,3,los_angeles
160,2006-06-27,40.972300000000004,-116.2146,1.5,1.0,1032.4,321.4,100.0,2,san_fran
161,2006-06-29,37.3858,-114.0208,1.0,1.0,1053.45,305.75,100.0,2,san_fran
162,2006-07-02,37.369420000000005,-114.31496,2.0,1.0,1850.08,310.96,98.8,5,san_fran
163,2006-07-04,36.9062,-116.1992,1.0,1.0,1157.2,306.0,94.0,1,los_angeles
164,2006-07-10,37.40464,-121.32051999999999,2.0,1.0,1918.4599999999998,324.54,100.0,5,san_fran
165,2006-07-11,34.64443461538462,-117.28894615384615,1.8846153846153846,1.0,1520.5153846153846,343.9769230769231,100.0,26,los_angeles
166,2006-07-12,35.924962962962965,-119.27547407407408,1.6296296296296295,1.0,1209.437037037037,316.8333333333333,99.96296296296296,27,los_angeles
167,2006-07-13,34.103457142857145,-116.69109285714286,1.2142857142857142,1.0,2031.5357142857142,320.4857142857143,99.14285714285714,14,los_angeles
168,2006-07-14,34.086815384615385,-116.68250769230768,1.8461538461538463,1.0,2581.7,318.4846153846154,99.07692307692308,13,los_angeles
169,2006-07-15,34.123999999999995,-116.71605,1.5,1.0,914.25,315.15,90.5,2,los_angeles
170,2006-07-18,33.90002222222222,-115.23708888888889,1.8888888888888888,1.0,1718.6222222222223,314.2555555555556,99.33333333333333,9,los_angeles
171,2006-07-23,34.40665,-118.667375,1.75,1.0,1024.175,308.825,97.0,4,los_angeles
172,2006-07-24,32.7539,-116.64275,1.0,1.0,953.4000000000001,289.70000000000005,100.0,2,los_angeles
173,2006-07-25,35.44402,-118.95958,2.0,1.0,2209.7400000000002,328.56000000000006,94.8,5,los_angeles
174,2006-07-27,41.2694652173913,-116.62207391304347,1.9565217391304348,1.0,1553.8260869565217,336.4478260869565,100.0,23,san_fran
175,2006-07-28,41.397149999999996,-116.71315,1.5,1.0,832.0,322.9,100.0,2,san_fran
176,2006-07-29,41.34895,-118.7457,1.3333333333333333,1.0,1404.8999999999999,315.51666666666665,100.0,6,san_fran
177,2006-07-30,41.5254,-116.68622500000001,2.0,1.0,884.025,314.825,100.0,4,san_fran
178,2006-08-05,35.40855,-118.25222500000001,2.0,1.0,890.675,350.5,100.0,4,los_angeles
179,2006-08-14,34.8393,-118.80793333333334,1.0,1.0,917.4333333333334,308.46666666666664,95.66666666666667,3,los_angeles
180,2006-08-15,41.199625,-115.461175,1.75,1.0,1043.0,317.175,98.5,4,san_fran
181,2006-08-16,41.46926666666667,-115.34390370370372,1.5555555555555556,1.0,1110.162962962963,342.0925925925926,100.0,27,san_fran
182,2006-08-17,41.399322222222224,-115.33515555555556,1.3333333333333333,1.0,1112.7555555555555,293.77777777777777,100.0,9,san_fran
183,2006-08-21,41.45596136363636,-116.05425909090908,1.3863636363636365,1.0,1605.4795454545456,327.0477272727273,100.0,44,san_fran
184,2006-08-22,37.994,-119.80295000000001,2.0,1.0,826.15,304.85,96.5,2,san_fran
185,2006-08-24,37.4645,-115.0927,1.0,1.0,937.6,337.2,100.0,1,san_fran
186,2006-08-26,34.1352,-118.5269,2.0,1.0,724.0,311.3,87.0,1,los_angeles
187,2006-08-28,40.964,-123.2191,2.0,1.0,810.2,314.2,87.0,1,san_fran
188,2006-09-03,40.77035,-119.65985,1.0,1.0,830.8,328.8,100.0,2,san_fran
189,2006-09-04,41.341375862068965,-116.53836206896553,1.896551724137931,1.0,2116.896551724138,323.04482758620685,97.62068965517241,29,san_fran
190,2006-09-05,41.43745,-116.34795,1.0,1.0,836.5999999999999,331.70000000000005,100.0,2,san_fran
191,2006-09-06,36.931225,-117.188575,1.75,1.0,796.25,318.8,98.5,4,los_angeles
192,2006-09-07,34.628225,-118.813425,2.0,1.0,1538.8249999999998,300.15,95.5,4,los_angeles
193,2006-09-08,37.78525,-121.026725,1.5,1.0,904.675,322.275,100.0,4,san_fran
194,2006-09-12,34.57046666666667,-118.887,2.0,1.0,1364.8999999999999,321.43333333333334,100.0,3,los_angeles
195,2006-09-13,40.9892,-123.1742,2.0,1.0,1272.8,369.5,100.0,2,san_fran
196,2006-09-14,39.77054,-122.29614000000001,1.7,1.0,1261.44,296.28000000000003,99.4,10,san_fran
197,2006-09-15,37.81301428571429,-118.62198571428573,1.7142857142857142,1.0,1093.5428571428572,316.45714285714286,100.0,7,san_fran
198,2006-09-17,34.512054545454546,-118.81363030303031,1.3636363636363635,1.0,1445.3030303030303,336.07272727272726,100.0,33,los_angeles
199,2006-09-18,34.5815,-119.01423333333335,1.4761904761904763,1.0,1148.009523809524,315.31904761904764,100.0,21,los_angeles
200,2006-09-19,34.50999230769231,-118.28703076923078,1.3846153846153846,1.0,1287.2692307692307,329.1307692307692,100.0,13,los_angeles
201,2006-09-20,34.633449999999996,-119.01975,2.0,1.0,1108.3,331.05,100.0,4,los_angeles
202,2006-09-21,34.65638,-118.89978,1.4,1.0,1180.1,301.9,100.0,5,los_angeles
203,2006-09-22,34.677525,-118.943275,1.25,1.0,998.675,306.725,99.5,4,los_angeles
204,2006-09-23,34.57480588235294,-119.0427,1.7058823529411764,1.0,1771.8470588235293,312.8941176470588,100.0,17,los_angeles
205,2006-09-24,34.65904999999999,-119.1138,1.5,1.0,715.0,314.25,100.0,2,los_angeles
206,2006-09-25,34.662774999999996,-119.012325,1.25,1.0,1244.975,332.1,100.0,4,los_angeles
207,2006-09-26,34.71242941176471,-119.1038705882353,1.5294117647058822,1.0,1504.1117647058825,336.77058823529416,100.0,17,los_angeles
208,2006-09-27,36.428481818181815,-120.17482727272727,1.6363636363636365,1.0,1234.8090909090909,317.3090909090909,99.45454545454545,11,los_angeles
209,2006-10-26,33.85802916666667,-116.84589166666666,1.25,1.0,1331.5291666666667,309.37916666666666,99.41666666666667,24,los_angeles
210,2006-10-27,33.82557142857143,-116.84772857142856,1.7142857142857142,1.0,1028.007142857143,300.3357142857143,100.0,14,los_angeles
211,2006-10-30,39.4053,-121.9298,2.0,1.0,767.3,304.4,100.0,1,san_fran
212,2007-03-11,33.8281,-117.7495,2.0,1.0,795.4,309.3,94.0,1,los_angeles
213,2007-03-31,34.3461,-117.28535,2.0,1.0,1046.1,325.8,100.0,2,los_angeles
214,2007-06-24,35.4497625,-118.627175,2.0,1.0,1717.0500000000002,312.775,98.375,8,los_angeles
215,2007-06-25,35.0067,-118.432,1.0,1.0,1105.5,309.1,100.0,1,los_angeles
216,2007-07-04,34.806200000000004,-120.0831,1.0,1.0,1707.7,333.35,100.0,2,los_angeles
217,2007-07-05,34.8022,-120.07065,2.0,1.0,973.9499999999999,329.0,100.0,2,los_angeles
218,2007-07-06,36.93003,-120.27527,1.7,1.0,1884.4899999999998,313.11,100.0,10,los_angeles
219,2007-07-07,38.099775,-118.73385714285713,1.3571428571428572,1.0,1791.975,339.4321428571429,100.0,28,san_fran
220,2007-07-08,39.010825,-119.6407375,1.5,1.0,1128.1625,312.25,100.0,16,san_fran
221,2007-07-09,38.58586,-118.00598,1.0,1.0,1041.6799999999998,318.58000000000004,100.0,5,san_fran
222,2007-07-10,41.00385,-121.50004999999999,2.0,1.0,1120.85,322.6,94.0,2,san_fran
223,2007-07-12,34.8214,-120.0658,2.0,1.0,1107.8,320.6,100.0,1,los_angeles
224,2007-07-15,41.839,-122.71170000000001,1.0,1.0,1119.85,292.05,100.0,2,san_fran
225,2007-07-16,40.63728181818182,-117.45231363636363,1.6818181818181819,1.0,1568.7954545454545,345.55454545454546,97.72727272727273,22,san_fran
226,2007-07-17,39.35954,-118.06982666666666,2.0,1.0,1548.7,311.18,99.13333333333334,15,san_fran
227,2007-07-18,40.26358965517241,-116.28592068965517,1.4482758620689655,1.0,1282.5827586206897,343.3965517241379,99.34482758620689,29,san_fran
228,2007-07-19,40.568675,-115.091775,1.5,1.0,1154.8083333333334,316.59999999999997,100.0,12,san_fran
229,2007-07-20,41.18672857142857,-114.13534285714286,1.2857142857142858,1.0,1081.6,349.4142857142857,100.0,7,san_fran
230,2007-07-21,41.77283243243244,-114.26303513513513,1.9189189189189189,1.0,1786.1783783783785,322.7162162162162,100.0,37,san_fran
231,2007-07-28,34.705025,-119.8147,2.0,1.0,1510.925,318.15,100.0,4,los_angeles
232,2007-07-29,34.69225,-119.795425,1.25,1.0,1885.525,313.45,100.0,4,los_angeles
233,2007-07-30,34.696525,-119.7663,1.5,1.0,1050.8,329.05,100.0,4,los_angeles
234,2007-07-31,34.689350000000005,-119.74465000000001,1.5,1.0,1087.65,306.05,100.0,2,los_angeles
235,2007-08-03,34.640433333333334,-119.7471625,1.2916666666666667,1.0,1617.6333333333332,306.8875,100.0,24,los_angeles
236,2007-08-04,34.659119230769235,-119.75235384615385,1.7307692307692308,1.0,2027.3692307692306,323.4653846153846,99.53846153846153,26,los_angeles
237,2007-08-05,34.672547826086955,-119.66755652173913,1.4782608695652173,1.0,1810.4347826086957,344.8434782608696,99.69565217391305,23,los_angeles
238,2007-08-06,34.715,-119.6796,2.0,1.0,716.2,301.3,100.0,1,los_angeles
239,2007-08-09,34.639275,-119.6524,1.5,1.0,1452.05,320.6,100.0,4,los_angeles
240,2007-08-10,34.63682,-119.66588999999999,1.5,1.0,1331.55,334.19,100.0,10,los_angeles
241,2007-08-11,35.36366666666666,-119.99943333333333,1.8888888888888888,1.0,1095.4,313.8888888888889,100.0,9,los_angeles
242,2007-08-12,34.663491666666665,-119.63102500000001,1.6666666666666667,1.0,1088.4916666666668,325.9583333333333,100.0,12,los_angeles
243,2007-08-13,34.65561666666667,-119.62624999999998,1.3333333333333333,1.0,1349.5,320.98333333333335,100.0,6,los_angeles
244,2007-08-14,34.66429047619048,-119.61127142857143,1.7142857142857142,1.0,1574.142857142857,318.5095238095238,98.52380952380952,21,los_angeles
245,2007-08-15,34.651608333333336,-119.56295,1.25,1.0,1389.6166666666666,313.47499999999997,99.0,12,los_angeles
246,2007-08-16,34.651740625,-119.6242875,1.625,1.0,1488.915625,302.8625,99.625,32,los_angeles
247,2007-08-17,34.64725714285714,-119.55003214285715,1.2142857142857142,1.0,1725.732142857143,320.26785714285717,99.10714285714286,28,los_angeles
248,2007-08-18,34.64447333333333,-119.51983333333334,1.8666666666666667,1.0,2139.762222222222,321.8088888888889,100.0,45,los_angeles
249,2007-08-19,34.67815,-119.45876176470588,1.4705882352941178,1.0,1809.120588235294,339.6058823529412,100.0,34,los_angeles
250,2007-08-20,34.70866470588235,-119.55101176470588,1.3529411764705883,1.0,1483.5470588235294,330.18823529411765,100.0,17,los_angeles
251,2007-08-21,34.6693,-119.383,2.0,1.0,720.8,321.7,100.0,1,los_angeles
252,2007-08-22,34.731,-119.4713,2.0,1.0,921.0,324.6,100.0,1,los_angeles
253,2007-08-23,34.69995,-119.40495,2.0,1.0,1057.45,314.4,100.0,2,los_angeles
254,2007-08-24,34.72818666666667,-119.42964666666667,1.1333333333333333,1.0,2316.6666666666665,327.37333333333333,100.0,15,los_angeles
255,2007-08-25,34.7504,-119.6183,2.0,1.0,785.4,293.5,100.0,1,los_angeles
256,2007-09-03,35.111925,-119.0848,2.0,1.0,809.4,305.975,100.0,4,los_angeles
257,2007-09-04,38.84538461538462,-121.12647692307692,1.6153846153846154,1.0,1477.1923076923076,351.25384615384615,99.53846153846153,13,san_fran
258,2007-09-05,40.21576,-120.75494666666667,1.6,1.0,2447.5,319.28,98.33333333333333,15,san_fran
259,2007-09-06,40.18805555555556,-120.80516666666666,1.0,1.0,1078.6,308.0888888888889,100.0,9,san_fran
260,2007-09-07,40.223325,-120.71955,2.0,1.0,2245.15,378.25,100.0,4,san_fran
261,2007-09-08,39.38273636363636,-120.86900909090909,1.9090909090909092,1.0,1521.3,308.45454545454544,97.18181818181819,11,san_fran
262,2007-09-09,40.182,-120.6906,1.0,1.0,984.3,305.9,100.0,1,san_fran
263,2007-09-10,40.164425,-120.681575,2.0,1.0,963.125,306.75,97.0,4,san_fran
264,2007-09-11,40.1558,-120.6871,2.0,1.0,810.0,329.6,100.0,1,san_fran
265,2007-09-12,32.792275000000004,-116.5576875,2.0,1.0,1154.4875,306.7125,100.0,8,los_angeles
266,2007-09-14,41.56787142857143,-117.43632857142858,2.0,1.0,1924.2714285714285,312.84285714285716,100.0,7,san_fran
267,2007-09-15,34.295008333333335,-116.976175,1.4583333333333333,1.0,1337.1666666666667,318.8041666666667,99.5,24,los_angeles
268,2007-09-16,36.520575,-115.8373,2.0,1.0,995.875,306.6,100.0,4,los_angeles
269,2007-10-21,34.19615714285714,-118.24397346938775,1.9795918367346939,1.0,2586.0285714285715,302.59999999999997,99.12244897959184,49,los_angeles
270,2007-10-22,33.15885,-116.93612999999999,1.26,1.0,1216.126,319.034,99.52,50,los_angeles
271,2007-10-23,33.33929285714286,-116.97966428571428,1.4047619047619047,1.0,1288.338095238095,317.37619047619046,100.0,42,los_angeles
272,2007-10-24,33.248562500000006,-117.2240375,1.375,1.0,1009.95,318.9375,100.0,8,los_angeles
273,2007-10-25,33.54652,-117.24219000000001,1.5,1.0,1462.92,325.56,100.0,10,los_angeles
274,2007-10-26,33.40322857142857,-117.21405,1.7142857142857142,1.0,1652.7642857142857,323.54285714285714,100.0,14,los_angeles
275,2007-11-24,34.05295,-118.7681,1.0,1.0,2239.95,328.7,97.0,2,los_angeles
276,2007-11-29,37.2994,-121.6173,2.0,1.0,906.0,291.4,94.0,1,san_fran
277,2008-05-07,40.05,-122.6748,2.0,1.0,859.8499999999999,298.8,100.0,2,san_fran
278,2008-05-13,34.2494,-117.6564,2.0,1.0,1385.9499999999998,315.95000000000005,100.0,2,los_angeles
279,2008-05-20,38.51975,-119.128825,2.0,1.0,1341.8,321.6,100.0,4,san_fran
280,2008-05-22,37.04865,-121.79237499999999,1.5,1.0,1063.575,319.125,100.0,4,san_fran
281,2008-06-01,32.9878,-115.4529,2.0,1.0,1041.7,317.6,100.0,1,los_angeles
282,2008-06-11,36.660346153846156,-121.47550769230769,1.4615384615384615,1.0,1160.8307692307692,323.4692307692308,100.0,13,los_angeles
283,2008-06-12,39.71293333333333,-121.67301666666667,1.3333333333333333,1.0,979.6833333333334,316.5,100.0,6,san_fran
284,2008-06-13,36.09445,-121.35348333333333,2.0,1.0,3172.1000000000004,342.06666666666666,100.0,6,los_angeles
285,2008-06-14,36.15535,-121.4111,1.0,1.0,1025.4,313.35,100.0,2,los_angeles
286,2008-06-15,39.8314,-122.6974,1.0,1.0,763.4,314.3,100.0,1,san_fran
287,2008-06-17,36.10525,-121.289325,2.0,1.0,1887.9,323.275,100.0,4,los_angeles
288,2008-06-18,36.14821666666666,-121.32491666666665,1.1666666666666667,1.0,1345.6499999999999,317.3,100.0,6,los_angeles
289,2008-06-19,36.1439,-121.2936,2.0,1.0,1108.8,328.1,100.0,1,los_angeles
290,2008-06-22,38.398575,-121.50985,2.0,1.0,1218.5,305.625,100.0,4,san_fran
291,2008-06-23,37.3367,-118.97316666666666,1.3333333333333333,1.0,1326.0,351.90000000000003,100.0,3,san_fran
292,2008-06-24,40.97265,-121.57685,1.0,1.0,813.55,294.5,100.0,2,san_fran
293,2008-06-26,40.387166666666666,-122.81793333333333,1.0,1.0,998.8333333333334,312.73333333333335,100.0,3,san_fran
294,2008-06-28,36.190916666666666,-121.6302,1.8333333333333333,1.0,1557.8500000000001,347.3833333333334,100.0,6,los_angeles
295,2008-06-29,37.72389583333334,-120.29188749999999,1.5833333333333333,1.0,1127.4958333333334,325.29583333333335,98.66666666666667,24,san_fran
296,2008-06-30,35.48984,-118.36728000000001,1.8,1.0,975.0,321.71999999999997,100.0,5,los_angeles
297,2008-07-01,36.28017777777777,-119.83154444444443,1.4444444444444444,1.0,1100.3555555555556,297.70000000000005,99.77777777777777,9,los_angeles
298,2008-07-02,35.716750000000005,-121.171875,1.25,1.0,1302.7,327.95,92.25,4,los_angeles
299,2008-07-03,35.75418888888889,-120.9159111111111,1.8888888888888888,1.0,1013.7555555555555,305.32222222222225,99.33333333333333,9,los_angeles
300,2008-07-04,34.48595,-119.90525,1.5,1.0,1437.4499999999998,323.8,100.0,2,los_angeles
301,2008-07-05,36.35898,-118.88230000000001,1.8,1.0,965.6200000000001,314.21999999999997,100.0,5,los_angeles
302,2008-07-07,35.97505454545455,-118.9017909090909,1.6363636363636365,1.0,1057.1272727272726,323.75454545454545,100.0,11,los_angeles
303,2008-07-08,40.7568,-122.70888823529413,1.5294117647058822,1.0,1218.3470588235296,312.01176470588234,99.29411764705883,17,san_fran
304,2008-07-09,39.29117272727273,-121.44847272727272,1.7272727272727273,1.0,1211.3363636363638,346.47272727272724,98.81818181818181,11,san_fran
305,2008-07-10,39.4683,-122.50658421052633,1.9473684210526316,1.0,1216.9631578947367,312.62105263157895,100.0,19,san_fran
306,2008-07-11,41.37885,-123.360775,1.75,1.0,1081.425,345.15,100.0,4,san_fran
307,2008-07-12,38.074675,-120.79205,1.5,1.0,1564.025,303.8,93.5,4,san_fran
308,2008-07-14,36.2868,-121.5437,1.0,1.0,716.7,305.0,100.0,1,los_angeles
309,2008-07-16,40.16506666666667,-121.51846666666667,1.3333333333333333,1.0,1506.8666666666668,319.1333333333333,100.0,3,san_fran
310,2008-07-17,36.3218,-121.5434,2.0,1.0,726.7,309.7,100.0,1,los_angeles
311,2008-07-19,36.1469,-121.4882,2.0,1.0,885.4,312.15,100.0,2,los_angeles
312,2008-07-21,40.39615,-123.14865,1.5,1.0,1228.5500000000002,307.25,93.5,2,san_fran
313,2008-07-25,40.7217,-123.3033,2.0,1.0,956.5,319.0,100.0,1,san_fran
314,2008-07-26,37.55314615384616,-120.09964615384615,1.9230769230769231,1.0,1564.0230769230768,302.11538461538464,100.0,26,san_fran
315,2008-07-27,37.63386,-120.01880000000001,1.6,1.0,968.7,351.08000000000004,100.0,5,san_fran
316,2008-07-28,38.493475000000004,-120.7337,1.5,1.0,1151.65,313.65,100.0,4,san_fran
317,2008-07-29,37.66515,-119.99170000000001,1.5,1.0,1106.15,318.4,100.0,2,san_fran
318,2008-07-30,37.652150000000006,-119.94355,2.0,1.0,1013.4,312.85,100.0,2,san_fran
319,2008-08-04,41.3511,-123.28135,1.5,1.0,1034.65,307.20000000000005,100.0,2,san_fran
320,2008-08-06,41.3536,-123.2717,2.0,1.0,745.4,315.6,100.0,1,san_fran
321,2008-08-16,40.7546,-123.2707,1.0,1.0,1082.8,300.9,100.0,1,san_fran
322,2008-08-18,40.8187,-116.52912857142857,1.2857142857142858,1.0,1219.4285714285713,322.8,99.14285714285714,7,san_fran
323,2008-08-20,41.8238,-115.2736,1.0,1.0,1597.2,297.1,100.0,1,san_fran
324,2008-08-21,41.849000000000004,-115.2932,2.0,1.0,1453.9,363.4,94.0,2,san_fran
325,2008-08-24,41.821,-115.27795,2.0,1.0,721.15,307.15,97.0,2,san_fran
326,2008-08-25,41.87701176470588,-115.28754705882353,1.9411764705882353,1.0,1669.935294117647,367.22352941176473,96.6470588235294,17,san_fran
327,2008-08-27,41.5583,-123.33815,1.5,1.0,846.5999999999999,294.6,100.0,2,san_fran
328,2008-09-07,40.3737875,-122.9447625,1.25,1.0,1697.5,300.375,100.0,8,san_fran
329,2008-09-18,41.6379,-123.6945,2.0,1.0,722.3,325.6,100.0,1,san_fran
330,2008-10-02,41.63955,-123.31450000000001,1.0,1.0,774.75,317.6,100.0,2,san_fran
331,2008-10-12,34.30575,-118.3524,2.0,1.0,1052.4,306.70000000000005,100.0,2,los_angeles
332,2008-10-13,34.314600000000006,-118.56700000000001,1.0,1.0,2316.2000000000003,302.03333333333336,100.0,3,los_angeles
333,2008-10-28,38.3468,-119.9815,2.0,1.0,773.3,297.4,94.0,1,san_fran
334,2008-11-15,34.10158181818181,-118.06882727272728,1.6363636363636365,1.0,1452.8363636363638,320.1181818181818,100.0,11,los_angeles
335,2008-11-16,33.94363333333333,-117.78441666666667,1.6666666666666667,1.0,928.0166666666668,317.68333333333334,100.0,6,los_angeles
336,2009-01-20,35.01485,-120.08455000000001,2.0,1.0,2801.0,311.725,98.5,4,los_angeles
337,2009-05-08,34.47439090909091,-119.73460909090909,1.1818181818181819,1.0,1127.918181818182,300.1272727272727,100.0,11,los_angeles
338,2009-05-09,34.4679,-119.6695,1.0,1.0,862.0,339.1,100.0,1,los_angeles
339,2009-07-04,41.041333333333334,-123.46753333333334,2.0,1.0,1855.3166666666666,304.06666666666666,100.0,6,san_fran
340,2009-07-05,39.71546,-122.4231,1.8,1.0,1741.3799999999999,373.28000000000003,100.0,5,san_fran
341,2009-07-11,41.1649,-123.4161,2.0,1.0,717.6,298.5,100.0,1,san_fran
342,2009-07-19,37.298049999999996,-116.13436666666666,1.8333333333333333,1.0,912.0666666666666,319.26666666666665,100.0,6,san_fran
343,2009-07-20,41.6983,-122.0282,1.0,1.0,1212.0,300.65,100.0,2,san_fran
344,2009-08-01,40.97123333333334,-120.37133333333334,1.0,1.0,1738.5333333333335,353.8333333333333,100.0,3,san_fran
345,2009-08-03,40.600500000000004,-120.97165,1.25,1.0,927.825,329.8,100.0,4,san_fran
346,2009-08-04,40.7487125,-121.4833,1.625,1.0,1060.7875,340.45,100.0,8,san_fran
347,2009-08-05,40.84336666666667,-121.4763,1.6666666666666667,1.0,895.6,301.06666666666666,95.66666666666667,3,san_fran
348,2009-08-09,34.96032105263158,-120.01226315789475,1.6842105263157894,1.0,1867.363157894737,320.4421052631579,98.3157894736842,19,los_angeles
349,2009-08-10,34.94667272727273,-120.01754545454546,1.6363636363636365,1.0,1176.0,313.3090909090909,100.0,11,los_angeles
350,2009-08-11,34.950314285714285,-120.0471,2.0,1.0,1156.2142857142858,323.74285714285713,100.0,7,los_angeles
351,2009-08-12,34.936683333333335,-120.04509166666666,1.6666666666666667,1.0,1190.1083333333333,312.5,100.0,12,los_angeles
352,2009-08-13,35.04944864864865,-120.18515405405405,1.4054054054054055,1.0,1391.3756756756757,333.2432432432432,100.0,37,los_angeles
353,2009-08-14,35.45849090909091,-120.19430303030302,1.9696969696969697,1.0,1442.0242424242424,309.6878787878788,100.0,33,los_angeles
354,2009-08-15,34.9189,-119.9795,1.8571428571428572,1.0,1296.357142857143,335.6857142857143,100.0,7,los_angeles
355,2009-08-16,34.899766666666665,-119.90596666666667,1.5555555555555556,1.0,1030.1,308.8666666666666,100.0,9,los_angeles
356,2009-08-20,39.8131,-117.5527,1.0,1.0,1163.7,322.9,100.0,1,san_fran
357,2009-08-27,37.7175125,-119.744325,1.75,1.0,1728.5625,348.0875,100.0,8,san_fran
358,2009-08-28,36.281349999999996,-119.09153333333335,1.3333333333333333,1.0,1280.6833333333334,296.05,100.0,12,los_angeles
359,2009-08-29,34.47533529411765,-118.2627,1.6470588235294117,1.0,1360.4705882352941,340.8882352941177,100.0,17,los_angeles
360,2009-08-30,34.34534090909091,-118.19813636363637,1.1818181818181819,1.0,1263.9045454545455,328.77727272727276,99.18181818181819,22,los_angeles
361,2009-08-31,34.324376190476194,-118.09578095238095,1.2380952380952381,1.0,1863.5857142857144,327.0595238095238,99.95238095238095,42,los_angeles
362,2009-09-01,34.3227,-118.03595,1.5,1.0,753.5,305.65,100.0,2,los_angeles
363,2009-09-04,34.25605,-117.994225,1.0,1.0,1061.25,310.5,100.0,4,los_angeles
364,2009-09-05,34.296375,-117.978925,2.0,1.0,1476.9125,329.0125,100.0,8,los_angeles
365,2009-09-07,34.366299999999995,-117.95705000000001,2.0,1.0,1318.2,400.1,100.0,2,los_angeles
366,2009-09-09,40.0751,-115.6182,1.0,1.0,1092.2,308.40000000000003,100.0,3,san_fran
367,2009-09-22,34.3604,-118.89185,2.0,1.0,746.05,319.75,100.0,2,los_angeles
368,2009-09-30,34.74053333333333,-120.51626666666668,1.3333333333333333,1.0,1265.4666666666667,335.2,100.0,3,los_angeles
369,2009-10-03,34.25895,-117.5067,2.0,1.0,5970.6,313.5,100.0,2,los_angeles
370,2009-10-04,34.3311,-117.56503333333335,2.0,1.0,1350.0333333333333,330.76666666666665,100.0,3,los_angeles
371,2010-06-12,32.6797,-115.3543,1.0,1.0,872.9,315.6,100.0,1,los_angeles
372,2010-07-13,33.3234,-117.38495,2.0,1.0,1061.05,315.25,100.0,2,los_angeles
373,2010-07-27,35.80639090909091,-118.44013636363637,1.6363636363636365,1.0,1251.9818181818182,326.92727272727274,100.0,11,los_angeles
374,2010-07-28,36.8908,-118.94200000000001,1.75,1.0,1083.925,320.475,100.0,4,los_angeles
375,2010-07-30,34.56714,-118.22901999999999,1.2,1.0,1085.7,302.68,100.0,5,los_angeles
376,2010-08-04,32.8037,-115.5211,2.0,1.0,727.9,333.4,100.0,1,los_angeles
377,2010-08-21,35.3195,-120.3235,2.0,1.0,1506.9,334.4,100.0,1,los_angeles
378,2010-08-24,34.8343,-118.88836666666667,2.0,1.0,902.4666666666667,318.2,93.66666666666667,3,los_angeles
379,2010-09-01,33.546,-117.2686,2.0,1.0,895.5,332.6,100.0,1,los_angeles
380,2010-09-14,35.5406,-118.5426,2.0,1.0,1438.85,327.25,100.0,2,los_angeles
381,2010-10-28,34.6504,-120.5881,2.0,1.0,857.9,325.5,100.0,1,los_angeles
382,2010-10-29,37.008250000000004,-121.39375,2.0,1.0,851.35,300.35,100.0,2,san_fran
383,2011-03-24,34.9584,-114.6304,1.0,1.0,720.0,326.3,100.0,1,los_angeles
384,2011-03-25,32.8045,-115.6546,1.0,1.0,1870.2,304.2,100.0,1,los_angeles
385,2011-06-25,32.677,-115.3689,2.0,1.0,1601.9,340.1,100.0,1,los_angeles
386,2011-07-19,36.2877,-118.53576666666667,2.0,1.0,879.1,305.7,100.0,3,los_angeles
387,2011-07-22,33.3085,-116.4911,2.0,1.0,735.3,335.8,100.0,1,los_angeles
388,2011-07-27,36.286500000000004,-118.55195,2.0,1.0,1424.4,370.70000000000005,100.0,2,los_angeles
389,2011-07-28,36.2808,-118.5807,2.0,1.0,957.1,297.9,100.0,1,los_angeles
390,2011-07-30,38.71313333333333,-119.42823333333332,2.0,1.0,1024.9333333333334,313.46666666666664,96.83333333333333,6,san_fran
391,2011-08-17,38.8455,-119.6045,1.0,1.0,933.0,327.8,100.0,1,san_fran
392,2011-08-18,41.9148,-120.1291,2.0,1.0,929.5,317.9,94.0,1,san_fran
393,2011-08-25,37.647,-119.8666,2.0,1.0,1629.0,327.3,100.0,1,san_fran
394,2011-08-29,33.265,-114.7217,2.0,1.0,2314.5,326.3,100.0,1,los_angeles
395,2011-08-30,33.294000000000004,-114.726,1.0,1.0,748.4,328.9,100.0,1,los_angeles
396,2011-09-02,35.882133333333336,-115.90469999999999,2.0,1.0,927.9,315.06666666666666,100.0,3,los_angeles
397,2011-09-17,34.556650000000005,-118.3381,1.5,1.0,966.7,315.0,100.0,2,los_angeles
398,2011-09-22,39.0402,-116.4014,2.0,1.0,932.7,324.1,94.0,1,san_fran
399,2011-09-23,39.03266666666667,-116.4296,2.0,1.0,1400.8666666666668,306.23333333333335,100.0,3,san_fran
400,2011-09-30,37.7779,-119.7372,2.0,1.0,711.6,297.7,100.0,1,san_fran
401,2011-10-01,40.52576666666666,-116.76245999999999,1.9333333333333333,1.0,1164.32,377.06000000000006,99.2,15,san_fran
402,2011-10-02,41.056200000000004,-116.20088000000001,1.6,1.0,1062.1200000000001,311.1,100.0,5,san_fran
403,2011-10-03,41.10697647058823,-116.29691176470588,1.4705882352941178,1.0,1191.1117647058825,341.58235294117645,99.6470588235294,17,san_fran
404,2011-10-04,41.333600000000004,-116.2179,1.0,1.0,967.9,302.25,100.0,2,san_fran
405,2012-01-19,32.9767,-116.6013,2.0,1.0,901.0,317.2,100.0,1,los_angeles
406,2012-03-24,38.4375,-119.0531,2.0,1.0,1000.9,298.5,100.0,1,san_fran
407,2012-04-22,41.8148,-121.3997,2.0,1.0,2021.0,400.1,100.0,1,san_fran
408,2012-05-23,38.778075,-119.455275,1.0,1.0,1447.725,301.55,100.0,4,san_fran
409,2012-06-02,38.103899999999996,-114.08855,2.0,1.0,3488.6000000000004,367.55,100.0,2,san_fran
410,2012-06-03,36.15266666666667,-118.4622,2.0,1.0,1481.8666666666668,306.1333333333333,100.0,3,los_angeles
411,2012-06-17,39.61447692307692,-114.59412307692308,1.4615384615384615,1.0,1622.7307692307693,356.44615384615383,100.0,13,san_fran
412,2012-06-19,39.576233333333334,-114.5711,1.3333333333333333,1.0,809.8666666666667,315.1666666666667,100.0,3,san_fran
413,2012-06-23,34.7181,-118.8938,2.0,1.0,1094.3,316.9,100.0,1,los_angeles
414,2012-06-26,39.4815,-115.8605,2.0,1.0,714.6,307.8,100.0,1,san_fran
415,2012-06-27,38.2685,-114.1695,2.0,1.0,755.2,328.7,100.0,1,san_fran
416,2012-06-29,33.5699,-116.7298,2.0,1.0,1122.1,400.1,100.0,1,los_angeles
417,2012-07-02,39.3046375,-114.7746375,2.0,1.0,3816.7375,353.55,100.0,8,san_fran
418,2012-07-05,40.4756,-122.5036,2.0,1.0,836.5,309.8,100.0,1,san_fran
419,2012-07-09,39.32526363636364,-122.62729090909092,1.4545454545454546,1.0,1145.6999999999998,316.1454545454545,98.27272727272727,11,san_fran
420,2012-07-12,39.29855,-122.60888333333332,2.0,1.0,1224.0166666666667,310.8833333333333,99.0,6,san_fran
421,2012-07-13,39.31405,-122.55655,1.5,1.0,989.1,326.25,100.0,2,san_fran
422,2012-07-16,35.395633333333336,-120.54313333333334,2.0,1.0,1746.2,319.03333333333336,100.0,3,los_angeles
423,2012-07-28,39.11995,-123.10775000000001,2.0,1.0,777.1,302.95,100.0,2,san_fran
424,2012-08-01,40.031009999999995,-121.27613,1.9,1.0,1999.9299999999998,323.26,100.0,10,san_fran
425,2012-08-02,40.0509,-121.298,2.0,1.0,815.9,311.7,100.0,1,san_fran
426,2012-08-03,40.0513,-121.28875,2.0,1.0,968.35,323.1,100.0,2,san_fran
427,2012-08-04,40.0454,-121.311,2.0,1.0,939.2,312.1,100.0,1,san_fran
428,2012-08-05,40.039225,-121.2978,2.0,1.0,975.55,347.25,98.5,4,san_fran
429,2012-08-06,41.52276428571429,-118.32688571428571,1.6428571428571428,1.0,1054.3357142857144,330.5785714285715,98.64285714285714,14,san_fran
430,2012-08-07,40.80784117647059,-118.77713529411764,1.588235294117647,1.0,1304.7176470588236,345.5764705882353,99.23529411764706,17,san_fran
431,2012-08-08,41.38799268292683,-118.13722195121952,1.5365853658536586,1.0,1255.0268292682927,313.2829268292683,99.39024390243902,41,san_fran
432,2012-08-09,40.81006,-120.83326,1.8,1.0,881.4399999999999,329.28000000000003,100.0,5,san_fran
433,2012-08-10,41.12169166666666,-118.62043333333334,1.75,1.0,1145.0916666666667,317.30833333333334,99.5,12,san_fran
434,2012-08-11,41.26486774193548,-118.69375483870968,1.064516129032258,1.0,1624.6612903225807,316.2451612903226,99.58064516129032,31,san_fran
435,2012-08-12,41.9367,-115.75,1.0,1.0,822.9,314.9,100.0,1,san_fran
436,2012-08-13,37.62555555555556,-119.6250888888889,2.0,1.0,2048.0666666666666,309.31111111111113,100.0,9,san_fran
437,2012-08-14,41.10401538461539,-120.4112923076923,1.5384615384615385,1.0,1172.6769230769232,347.4384615384615,99.53846153846153,13,san_fran
438,2012-08-15,40.02988333333334,-119.85365,1.8333333333333333,1.0,793.7166666666667,302.26666666666665,100.0,6,san_fran
439,2012-08-16,40.59226666666667,-120.1299777777778,1.1111111111111112,1.0,1128.6222222222223,334.4777777777778,99.33333333333333,9,san_fran
440,2012-08-17,41.95725,-120.6217,1.0,1.0,1950.85,321.8,100.0,2,san_fran
441,2012-08-19,40.33920625,-121.561775,1.375,1.0,1189.5125,337.8,99.1875,16,san_fran
442,2012-08-20,40.85500909090909,-120.00577272727273,1.6363636363636365,1.0,990.0727272727272,335.45454545454544,100.0,11,san_fran
443,2012-08-21,40.390319999999996,-121.18690000000001,1.8,1.0,1151.3799999999999,369.42,100.0,5,san_fran
444,2012-08-22,40.82175,-120.03039999999999,2.0,1.0,806.8,312.29999999999995,100.0,2,san_fran
445,2012-08-24,40.70656666666667,-121.92406666666666,2.0,1.0,1302.0333333333335,317.6333333333333,100.0,3,san_fran
446,2012-08-26,40.3456,-122.09633333333333,1.6666666666666667,1.0,831.0333333333333,306.3666666666667,100.0,6,san_fran
447,2012-08-28,40.0923,-121.0639,2.0,1.0,1252.2,336.1,100.0,1,san_fran
448,2012-08-30,39.831199999999995,-122.97245000000001,1.0,1.0,883.5,314.0,100.0,2,san_fran
449,2012-08-31,41.0213,-122.13454999999999,2.0,1.0,1090.2,306.75,100.0,2,san_fran
450,2012-09-05,38.950500000000005,-122.3191,1.0,1.0,1146.65,300.25,100.0,2,san_fran
451,2012-09-06,40.738166666666665,-122.22776666666668,1.6666666666666667,1.0,1367.0333333333335,370.2,100.0,3,san_fran
452,2012-09-07,39.4665625,-122.88153750000001,1.75,1.0,1280.0125,315.59999999999997,99.875,8,san_fran
453,2012-10-11,41.8139,-116.1052,1.0,1.0,1124.3,320.0,100.0,1,san_fran
454,2013-05-02,34.17128333333333,-119.01133333333333,1.0,1.0,1255.1666666666667,318.56666666666666,100.0,6,los_angeles
455,2013-05-03,34.13022857142857,-118.99135714285714,1.5714285714285714,1.0,1151.3714285714286,322.3285714285715,100.0,7,los_angeles
456,2013-05-15,34.8052,-118.9048,2.0,1.0,1293.9499999999998,364.75,100.0,2,los_angeles
457,2013-05-16,34.77043333333334,-118.92716666666666,1.3333333333333333,1.0,1288.8999999999999,309.8333333333333,100.0,3,los_angeles
458,2013-05-20,33.04306666666667,-114.64210000000001,1.0,1.0,1324.3333333333333,325.6666666666667,100.0,3,los_angeles
459,2013-05-31,34.61022857142857,-118.47364285714285,1.2857142857142858,1.0,1346.2428571428572,341.65714285714284,100.0,7,los_angeles
460,2013-06-01,34.60281,-118.51820000000001,1.0,1.0,1946.3,348.75,100.0,10,los_angeles
461,2013-06-02,34.66254,-118.47380000000001,1.4,1.0,916.1600000000001,317.91999999999996,100.0,5,los_angeles
462,2013-06-09,34.00935,-116.8297,2.0,1.0,1145.15,370.85,100.0,2,los_angeles
463,2013-06-10,38.521699999999996,-116.63842,1.4,1.0,1021.2,320.32,100.0,5,san_fran
464,2013-06-29,39.05115,-116.23335,2.0,1.0,2376.15,370.5,100.0,2,san_fran
465,2013-07-01,39.91915,-120.02645000000001,2.0,1.0,1942.6,320.0,100.0,2,san_fran
466,2013-07-05,37.02426206896552,-116.85732068965517,1.6551724137931034,1.0,1669.951724137931,329.9758620689655,100.0,29,san_fran
467,2013-07-06,37.45533846153846,-117.4194,1.3846153846153846,1.0,1534.930769230769,316.68461538461537,100.0,13,san_fran
468,2013-07-07,39.1656,-119.67006,2.0,1.0,1341.8200000000002,385.24,100.0,5,san_fran
469,2013-07-08,37.951330434782605,-118.52670434782608,1.3478260869565217,1.0,1484.6565217391303,305.4608695652174,99.43478260869566,23,san_fran
470,2013-07-09,36.62477,-115.90744,1.4,1.0,1132.0,322.0,100.0,10,los_angeles
471,2013-07-10,38.8711,-115.3952,2.0,1.0,851.35,300.35,100.0,2,san_fran
472,2013-07-16,33.715717391304345,-116.62114347826088,1.434782608695652,1.0,1542.9391304347826,324.81739130434784,100.0,23,los_angeles
473,2013-07-17,34.320837499999996,-117.874475,1.875,1.0,1213.575,314.1625,96.125,8,los_angeles
474,2013-07-18,33.7751,-116.6259,1.0,1.0,731.1,294.8,100.0,1,los_angeles
475,2013-07-20,33.7863,-116.6676,1.0,1.0,738.8,304.0,100.0,1,los_angeles
476,2013-07-26,37.27785,-119.30414999999999,2.0,1.0,1781.35,305.1,100.0,2,san_fran
477,2013-08-04,41.31375,-123.2328,2.0,1.0,1511.975,323.55,100.0,4,san_fran
478,2013-08-08,33.863749999999996,-116.74000000000001,2.0,1.0,1749.9499999999998,370.1,100.0,2,los_angeles
479,2013-08-12,41.0371,-123.47803333333333,2.0,1.0,900.0666666666666,305.06666666666666,98.0,3,san_fran
480,2013-08-13,41.0459,-123.4798,2.0,1.0,734.6,313.9,100.0,1,san_fran
481,2013-08-14,40.39863333333333,-122.53876666666667,2.0,1.0,890.8000000000001,304.03333333333336,100.0,3,san_fran
482,2013-08-15,39.140433333333334,-120.61766666666666,1.3333333333333333,1.0,1552.4000000000003,311.2333333333333,100.0,3,san_fran
483,2013-08-16,39.182,-120.5944,2.0,1.0,1315.1,305.1,100.0,1,san_fran
484,2013-08-18,38.88974,-118.37180000000001,1.6,1.0,1639.28,319.82000000000005,100.0,5,san_fran
485,2013-08-19,41.04455,-123.49265,1.0,1.0,911.1,301.4,100.0,2,san_fran
486,2013-08-20,39.93681052631579,-119.49270526315789,1.736842105263158,1.0,1092.8210526315788,304.2052631578947,96.94736842105263,19,san_fran
487,2013-08-21,37.86635714285715,-120.02427142857142,1.9285714285714286,1.0,1387.2357142857143,327.89285714285717,97.85714285714286,14,san_fran
488,2013-08-22,37.92224418604651,-119.96576511627907,1.744186046511628,1.0,1713.3976744186048,341.01627906976745,99.11627906976744,43,san_fran
489,2013-08-23,37.876333333333335,-119.95723333333333,1.7777777777777777,1.0,1665.0444444444445,316.4222222222222,96.55555555555556,9,san_fran
490,2013-08-24,37.42347,-119.51268999999999,1.8,1.0,1173.3700000000001,331.3,100.0,10,san_fran
491,2013-08-25,37.82875789473684,-119.78305,1.736842105263158,1.0,1609.9473684210527,304.4184210526316,99.36842105263158,38,san_fran
492,2013-08-26,37.908164285714285,-119.87726428571429,1.4285714285714286,1.0,1085.1785714285713,318.7857142857143,100.0,14,san_fran
493,2013-08-27,37.87178,-119.78616,1.0,1.0,1641.02,311.58000000000004,97.6,5,san_fran
494,2013-08-28,37.859140000000004,-119.76813999999999,1.8,1.0,1163.81,323.21999999999997,98.2,10,san_fran
495,2013-08-29,37.91245714285714,-119.91997142857143,1.5714285714285714,1.0,1281.2,311.1714285714285,100.0,7,san_fran
496,2013-08-30,37.84741666666667,-119.78258333333333,1.5,1.0,1390.9333333333334,320.84999999999997,99.0,6,san_fran
497,2013-08-31,37.8348,-119.8195,1.5,1.0,935.75,313.35,100.0,2,san_fran
498,2013-09-02,37.75345,-119.94284999999999,2.0,1.0,1317.55,358.55,100.0,2,san_fran
499,2013-09-04,37.78965,-119.808425,1.0,1.0,2117.775,321.175,100.0,4,san_fran
500,2013-09-05,38.047275,-120.040725,2.0,1.0,795.675,302.85,100.0,4,san_fran
501,2013-09-07,38.0225,-120.0778,2.0,1.0,1321.4,324.6,100.0,1,san_fran
502,2013-09-08,38.0321,-120.0436,1.0,1.0,956.9,297.3,100.0,1,san_fran
503,2013-09-09,39.172525,-121.718225,2.0,1.0,872.2125,373.5,100.0,8,san_fran
504,2013-09-27,38.5524,-121.9523,2.0,1.0,907.6,312.6,100.0,1,san_fran
505,2013-10-14,36.6018,-121.8051,1.0,1.0,1420.1,318.6,100.0,1,los_angeles
506,2014-05-14,33.293675,-117.2671375,1.375,1.0,1069.5125,324.125,100.0,8,los_angeles
507,2014-05-15,33.11156666666667,-117.14793333333334,1.6666666666666667,1.0,811.7333333333332,324.8333333333333,100.0,3,los_angeles
508,2014-05-16,33.275,-117.3894,2.0,1.0,1508.7,400.1,100.0,1,los_angeles
509,2014-06-04,36.493300000000005,-114.725,2.0,1.0,1305.8000000000002,328.25,100.0,2,los_angeles
510,2014-07-02,37.4813,-114.0932,2.0,1.0,1451.0,335.7,100.0,1,san_fran
511,2014-07-03,39.09976666666667,-116.00283333333334,2.0,1.0,953.6333333333332,350.3,100.0,3,san_fran
512,2014-07-12,38.51434,-120.93144,1.4,1.0,1192.6599999999999,346.22,100.0,5,san_fran
513,2014-07-14,40.45251428571429,-122.78777142857143,1.4285714285714286,1.0,1249.2428571428572,316.25714285714287,100.0,7,san_fran
514,2014-07-21,39.2466,-114.1362,2.0,1.0,2224.6,400.1,100.0,1,san_fran
515,2014-07-22,39.272475,-114.1114,1.0,1.0,1367.275,293.15,100.0,4,san_fran
516,2014-07-23,39.2566,-114.1527,2.0,1.0,1158.6000000000001,378.2666666666667,100.0,3,san_fran
517,2014-07-24,38.844276,-114.967572,1.76,1.0,1353.104,310.796,100.0,25,san_fran
518,2014-07-25,38.30361111111111,-115.47821111111112,2.0,1.0,1464.6666666666667,354.0777777777778,100.0,9,san_fran
519,2014-07-26,38.56614999999999,-120.79169999999999,2.0,1.0,1439.7,400.1,100.0,2,san_fran
520,2014-07-29,37.29705,-119.36055,2.0,1.0,739.35,298.8,100.0,2,san_fran
521,2014-07-31,41.238350000000004,-121.92732857142857,1.5,1.0,1708.8214285714287,322.25714285714287,100.0,14,san_fran
522,2014-08-01,41.73305714285714,-121.95692857142856,1.7142857142857142,1.0,1199.1285714285714,309.5285714285714,96.42857142857143,7,san_fran
523,2014-08-02,41.070013333333335,-121.94795333333333,1.7666666666666666,1.0,1423.3033333333333,361.8,99.36666666666666,30,san_fran
524,2014-08-03,40.88869142857143,-121.67987714285714,1.3428571428571427,1.0,2621.0742857142855,304.6942857142857,100.0,35,san_fran
525,2014-08-20,41.3483,-123.1045,1.0,1.0,780.9,304.3,100.0,1,san_fran
526,2014-08-28,41.7372,-123.240475,2.0,1.0,1379.85,305.5,100.0,4,san_fran
527,2014-08-29,41.786649999999995,-123.199525,1.75,1.0,1081.925,320.225,100.0,4,san_fran
528,2014-09-04,41.753025,-123.059525,1.75,1.0,1501.675,306.3,100.0,4,san_fran
529,2014-09-05,39.498400000000004,-121.47104999999999,2.0,1.0,866.45,322.95,100.0,2,san_fran
530,2014-09-07,37.7307,-119.49348333333334,2.0,1.0,1181.8833333333334,351.34999999999997,99.0,6,san_fran
531,2014-09-10,40.7175,-122.1691,1.5,1.0,1136.25,328.25,93.5,2,san_fran
532,2014-09-12,33.7479,-117.5962,1.0,1.0,2440.8,316.7,100.0,1,los_angeles
533,2014-09-13,41.59842857142858,-123.22792857142858,2.0,1.0,1948.4142857142856,303.54285714285714,100.0,7,san_fran
534,2014-09-14,37.3106,-119.5918,2.0,1.0,725.3,319.0,100.0,1,san_fran
535,2014-09-15,38.808908333333335,-120.565075,2.0,1.0,1458.8666666666668,307.3,100.0,12,san_fran
536,2014-09-16,38.83058,-120.53549000000001,1.2,1.0,1365.23,319.33,100.0,10,san_fran
537,2014-09-17,38.854821621621625,-120.56190810810811,1.7837837837837838,1.0,1663.3648648648648,333.27837837837836,98.29729729729729,37,san_fran
538,2014-09-18,39.039766666666665,-120.45283333333333,1.0,1.0,868.75,304.28333333333336,100.0,6,san_fran
539,2014-09-19,39.07058,-120.40542,1.8,1.0,856.22,315.66,96.2,5,san_fran
540,2015-06-18,34.13895217391305,-116.83211739130435,1.6521739130434783,1.0,1866.6695652173914,320.6913043478261,100.0,23,los_angeles
541,2015-06-19,34.122339999999994,-116.76271999999999,2.0,1.0,1305.0,326.2,100.0,5,los_angeles
542,2015-06-21,38.245354166666665,-119.46061250000001,1.875,1.0,2343.358333333333,318.51666666666665,100.0,24,san_fran
543,2015-06-22,38.6552,-119.7503,1.0,1.0,1261.4,316.3,100.0,1,san_fran
544,2015-06-24,34.13337142857143,-116.74144285714286,2.0,1.0,1279.2428571428572,349.1714285714285,100.0,7,los_angeles
545,2015-06-25,34.185725,-116.65325625,1.5,1.0,1763.18125,318.575,100.0,16,los_angeles
546,2015-07-26,37.28075,-119.47980000000001,1.0,1.0,748.1,295.4,100.0,2,san_fran
547,2015-07-28,38.462,-122.1098,2.0,1.0,939.8,317.1,100.0,1,san_fran
548,2015-07-29,37.2602,-119.4762,2.0,1.0,822.0,337.6,100.0,1,san_fran
549,2015-07-30,38.486599999999996,-121.7338,1.25,1.0,1472.375,313.45,100.0,4,san_fran
550,2015-07-31,39.07382222222222,-122.57638888888889,1.7777777777777777,1.0,1081.6444444444444,339.4222222222222,97.11111111111111,9,san_fran
551,2015-08-01,39.252225,-121.958325,1.75,1.0,2160.6375,314.925,98.5,8,san_fran
552,2015-08-03,36.2425,-118.5482,2.0,1.0,760.6,305.6,100.0,1,los_angeles
553,2015-08-04,40.94428888888889,-120.05785555555556,1.0,1.0,1409.9888888888888,320.20000000000005,100.0,9,san_fran
554,2015-08-06,41.4628,-123.7468,2.0,1.0,709.4,296.7,100.0,1,san_fran
555,2015-08-08,34.8204,-114.55345,2.0,1.0,761.4000000000001,318.54999999999995,97.0,2,los_angeles
556,2015-08-09,34.82195,-114.56965,2.0,1.0,745.75,335.54999999999995,100.0,2,los_angeles
557,2015-08-10,35.762766666666664,-118.09023333333334,2.0,1.0,1438.0333333333335,315.65000000000003,100.0,6,los_angeles
558,2015-08-12,39.53235,-122.72308333333332,1.5,1.0,1144.8666666666666,340.7666666666667,98.41666666666667,12,san_fran
559,2015-08-13,39.89345,-122.28135,2.0,1.0,3130.625,302.475,97.0,4,san_fran
560,2015-08-16,36.8308,-118.8476,2.0,1.0,1308.1,400.1,100.0,1,los_angeles
561,2015-08-17,39.72808888888889,-121.98945555555555,1.6666666666666667,1.0,2083.5444444444447,315.1333333333333,100.0,9,san_fran
562,2015-08-18,37.84375,-122.0638,1.0,1.0,1536.75,322.75,100.0,2,san_fran
563,2015-08-19,36.81372,-118.8664,2.0,1.0,1816.22,320.68,100.0,5,los_angeles
564,2015-08-20,36.83945,-118.94441666666667,1.3333333333333333,1.0,1494.2,328.2,100.0,6,los_angeles
565,2015-08-21,36.9038,-119.0107,2.0,1.0,1521.5,328.3,100.0,1,los_angeles
566,2015-08-23,36.8155,-118.9022,2.0,1.0,1135.7,359.85,100.0,2,los_angeles
567,2015-08-24,36.8921,-119.102,2.0,1.0,1097.9,312.2,100.0,1,los_angeles
568,2015-08-25,36.8221,-118.9105,2.0,1.0,1398.45,335.7,100.0,2,los_angeles
569,2015-08-27,36.81843333333334,-118.82403333333333,1.3333333333333333,1.0,1091.2,315.09999999999997,100.0,3,los_angeles
570,2015-08-28,36.8225,-118.89500000000001,1.25,1.0,904.775,300.75,98.5,4,los_angeles
571,2015-08-29,36.8346,-118.73252500000001,1.6666666666666667,1.0,2030.3999999999999,330.6416666666667,100.0,12,los_angeles
572,2015-08-30,36.8075,-118.7366,2.0,1.0,830.2,325.5,100.0,1,los_angeles
573,2015-09-02,36.8044,-118.7218,2.0,1.0,829.3,302.7,100.0,1,los_angeles
574,2015-09-07,36.83567142857142,-119.01935714285715,1.7142857142857142,1.0,1833.2857142857142,311.4142857142857,100.0,7,los_angeles
575,2015-09-08,37.19056666666666,-119.33585,1.8333333333333333,1.0,1189.0333333333333,324.09999999999997,95.83333333333333,6,san_fran
576,2015-09-09,36.799225,-119.011325,2.0,1.0,1443.1999999999998,305.825,100.0,4,los_angeles
577,2015-09-10,37.9466625,-120.21445,1.375,1.0,1425.3249999999998,318.0875,98.375,8,san_fran
578,2015-09-11,38.10138695652174,-120.44444782608696,1.608695652173913,1.0,1308.4478260869564,314.1391304347826,99.73913043478261,23,san_fran
579,2015-09-12,37.3286,-119.60516,2.0,1.0,1050.38,314.18,98.8,5,san_fran
580,2015-09-20,39.8037,-116.8944,2.0,1.0,749.2,306.1,100.0,1,san_fran
581,2015-09-25,36.822649999999996,-118.6228,2.0,1.0,754.25,294.85,87.0,2,los_angeles
582,2015-09-26,36.8398,-118.6521,2.0,1.0,809.8,326.7,100.0,1,los_angeles
583,2015-11-14,41.8165,-121.7864,2.0,1.0,798.0,299.0,100.0,1,san_fran
584,2016-06-16,34.507619999999996,-120.05198,1.2,1.0,2335.1400000000003,315.5,100.0,5,los_angeles
585,2016-06-20,33.723642857142856,-117.5321,2.0,1.0,1260.8285714285714,329.64285714285717,97.28571428571429,7,los_angeles
586,2016-06-23,32.621,-116.5158,2.0,1.0,859.1,317.3,100.0,1,los_angeles
587,2016-06-24,35.54011333333333,-118.26688666666665,1.6,1.0,1251.2466666666667,360.94666666666666,100.0,15,los_angeles
588,2016-06-25,35.4981,-118.3036,2.0,1.0,708.6,309.2,100.0,1,los_angeles
589,2016-07-23,34.631669230769226,-118.80226666666668,1.3076923076923077,1.0,1734.7333333333336,309.8333333333333,100.0,39,los_angeles
590,2016-07-24,34.96724444444445,-119.28266666666667,1.6111111111111112,1.0,1592.9833333333333,344.47222222222223,100.0,18,los_angeles
591,2016-07-25,36.39163333333334,-121.8275,2.0,1.0,1138.4166666666667,309.96666666666664,100.0,6,los_angeles
592,2016-07-26,35.39938333333333,-120.06905,1.0,1.0,822.4166666666666,312.95,100.0,6,los_angeles
593,2016-07-27,36.3757,-121.78645,2.0,1.0,2643.65,354.05,100.0,2,los_angeles
594,2016-07-29,38.76056666666667,-120.3898,1.3333333333333333,1.0,1150.3999999999999,338.06666666666666,98.0,3,san_fran
595,2016-07-30,40.51586666666666,-119.64209999999999,1.6666666666666667,1.0,816.7333333333332,316.56666666666666,100.0,3,san_fran
596,2016-08-01,40.0069,-119.696,1.0,1.0,1541.6999999999998,297.70000000000005,100.0,2,san_fran
597,2016-08-02,40.061475,-119.72297499999999,1.75,1.0,1042.45,383.20000000000005,100.0,4,san_fran
598,2016-08-03,36.4111,-121.7614,2.0,1.0,749.7,313.9,100.0,1,los_angeles
599,2016-08-07,34.2869,-117.26429999999999,2.0,1.0,2030.9,335.8,100.0,2,los_angeles
600,2016-08-08,35.307725,-119.48891666666667,1.75,1.0,1290.3416666666665,313.8,100.0,12,los_angeles
601,2016-08-09,39.0572,-114.28456666666666,1.6666666666666667,1.0,871.6999999999999,317.1333333333333,100.0,3,san_fran
602,2016-08-10,36.16255,-120.53485,1.0,1.0,1819.175,350.175,100.0,4,los_angeles
603,2016-08-14,35.716433333333335,-121.01233333333333,2.0,1.0,1852.0666666666666,376.2,100.0,3,los_angeles
604,2016-08-16,34.29748571428571,-117.49288571428572,2.0,1.0,1077.0571428571427,363.12857142857143,100.0,7,los_angeles
605,2016-08-17,34.691206666666666,-118.36734666666666,1.8,1.0,1821.76,323.34000000000003,98.8,15,los_angeles
606,2016-08-18,35.800158333333336,-119.45004166666666,1.1666666666666667,1.0,2424.108333333333,311.0416666666667,100.0,12,los_angeles
607,2016-08-19,35.448145833333335,-119.08041250000001,1.5416666666666667,1.0,1288.6000000000001,316.15833333333336,99.75,24,los_angeles
608,2016-08-20,35.71365,-121.08845,2.0,1.0,1481.95,340.4,100.0,2,los_angeles
609,2016-08-21,34.72446,-119.7351,1.8,1.0,1401.24,317.62,99.13333333333334,15,los_angeles
610,2016-08-22,34.681672727272726,-119.57182727272726,1.3636363636363635,1.0,1898.0545454545454,319.90909090909093,95.9090909090909,11,los_angeles
611,2016-08-23,34.57366666666667,-119.6459,1.0,1.0,1730.6666666666667,305.7,100.0,3,los_angeles
612,2016-08-24,35.3314,-120.25489999999999,1.875,1.0,1579.2625,311.4,98.5,8,los_angeles
613,2016-08-25,35.82605,-119.41108333333334,1.1666666666666667,1.0,1079.6166666666666,319.48333333333335,100.0,6,los_angeles
614,2016-08-30,33.977199999999996,-116.93355,2.0,1.0,1474.35,319.8,100.0,2,los_angeles
615,2016-09-01,39.37396666666667,-117.98233333333333,1.6666666666666667,1.0,1485.5333333333335,341.06666666666666,100.0,3,san_fran
616,2016-09-04,36.1981,-121.58385,2.0,1.0,1076.05,315.0,100.0,2,los_angeles
617,2016-09-05,36.1928,-121.5492,1.0,1.0,730.6,315.2,100.0,1,los_angeles
618,2016-09-06,36.2022,-121.5682,1.0,1.0,825.7,311.1,100.0,1,los_angeles
619,2016-09-11,40.36807142857143,-120.77131428571428,2.0,1.0,3140.4857142857145,314.6,100.0,7,san_fran
620,2016-09-12,36.157000000000004,-121.60860000000001,1.6666666666666667,1.0,1329.3333333333333,329.3666666666667,98.0,3,los_angeles
621,2016-09-13,37.7445,-120.00255,2.0,1.0,854.5,298.5,100.0,2,san_fran
622,2016-09-18,36.2805,-121.51155,2.0,1.0,1911.45,305.125,100.0,4,los_angeles
623,2016-09-19,35.4283,-121.04282,1.1,1.0,1484.65,325.16999999999996,100.0,10,los_angeles
624,2016-09-20,34.568475,-120.59195,1.75,1.0,2198.2,298.5,100.0,4,los_angeles
625,2016-09-25,37.55825,-122.23315,2.0,1.0,1112.35,307.05,100.0,2,san_fran
626,2016-09-26,37.7899,-120.2882,2.0,1.0,1099.4,400.1,100.0,1,san_fran
627,2016-10-11,36.926,-119.2542,2.0,1.0,765.8,300.8,94.0,1,los_angeles
628,2016-10-21,36.2325,-118.5438,2.0,1.0,1096.6,328.0,100.0,1,los_angeles
629,2017-05-18,36.0844,-120.3931,2.0,1.0,707.6,317.3,100.0,1,los_angeles
630,2017-06-26,36.0935,-118.4317,2.0,1.0,726.5,307.4,100.0,1,los_angeles
631,2017-07-01,36.1075,-118.3964,2.0,1.0,1334.3,322.7,100.0,1,los_angeles
632,2017-07-04,36.081,-118.37185,2.0,1.0,1502.55,400.1,100.0,2,los_angeles
633,2017-07-05,36.69046666666667,-118.52433333333333,1.6666666666666667,1.0,1042.7666666666667,307.09999999999997,100.0,6,los_angeles
634,2017-07-08,34.96356,-120.25964666666667,1.6,1.0,1007.8533333333332,314.23333333333335,100.0,15,los_angeles
635,2017-07-09,35.14443125,-119.69705,1.5,1.0,1320.875,311.7875,100.0,16,los_angeles
636,2017-07-10,40.95095,-116.76115,1.5,1.0,904.95,336.55,100.0,2,san_fran
637,2017-07-11,39.45758,-117.66491,1.4,1.0,1075.45,332.38,100.0,10,san_fran
638,2017-07-12,39.045024999999995,-120.0703125,1.875,1.0,1279.35,317.25,100.0,8,san_fran
639,2017-07-13,35.932500000000005,-120.34363333333333,2.0,1.0,1012.0,354.7,100.0,3,los_angeles
640,2017-07-14,34.7000375,-120.0518875,1.75,1.0,1947.1750000000002,341.3125,100.0,8,los_angeles
641,2017-07-15,34.507,-119.9736,1.0,1.0,787.85,310.65,100.0,2,los_angeles
642,2017-07-17,37.5915,-120.17618333333333,1.1666666666666667,1.0,953.85,312.8333333333333,100.0,6,san_fran
643,2017-07-18,37.50213636363637,-120.08331818181819,1.7272727272727273,1.0,1207.4636363636364,359.1363636363636,100.0,11,san_fran
644,2017-07-19,37.628299999999996,-120.09376666666667,1.8666666666666667,1.0,1377.5,312.24666666666667,98.6,15,san_fran
645,2017-07-20,37.6017625,-120.0914625,1.625,1.0,889.575,334.325,100.0,8,san_fran
646,2017-07-21,37.6554,-120.0648,2.0,1.0,891.7,308.6,100.0,1,san_fran
647,2017-07-25,41.2444,-117.4693,2.0,1.0,783.8,315.5,100.0,1,san_fran
648,2017-07-27,39.72225,-120.67205,2.0,1.0,869.8499999999999,370.70000000000005,93.5,2,san_fran
649,2017-07-28,41.53788,-121.0122,2.0,1.0,1249.46,315.9,100.0,5,san_fran
650,2017-07-30,41.585425,-120.94745,1.5,1.0,1002.025,316.35,100.0,4,san_fran
651,2017-07-31,41.478433333333335,-120.9415,2.0,1.0,811.9333333333334,312.8666666666666,98.0,3,san_fran
652,2017-08-01,41.2648,-120.9939,2.0,1.0,1137.5,324.3,94.0,1,san_fran
653,2017-08-02,41.26715,-121.01885,1.0,1.0,892.35,298.15,100.0,2,san_fran
654,2017-08-12,36.2477,-118.290925,1.125,1.0,1595.0875,320.525,100.0,8,los_angeles
655,2017-08-13,37.275059999999996,-119.34526000000001,2.0,1.0,966.5799999999999,300.36,100.0,5,san_fran
656,2017-08-16,41.7838,-123.49510000000001,2.0,1.0,1615.85,315.7,100.0,2,san_fran
657,2017-08-22,41.828725,-123.67507499999999,2.0,1.0,1607.25,314.625,100.0,4,san_fran
658,2017-08-27,41.8587,-123.46226666666666,2.0,1.0,1035.8999999999999,305.3666666666666,100.0,3,san_fran
659,2017-08-28,37.62094999999999,-119.60755,2.0,1.0,1274.4,369.65,100.0,2,san_fran
660,2017-08-29,40.5435,-122.33615833333333,1.5833333333333333,1.0,1370.6833333333334,310.39166666666665,99.5,12,san_fran
661,2017-08-30,40.2198125,-119.6277,1.5,1.0,1571.3875,368.5,100.0,8,san_fran
662,2017-08-31,38.20587777777777,-119.56322222222222,2.0,1.0,1776.3333333333333,311.7888888888889,100.0,9,san_fran
663,2017-09-01,41.0962294117647,-122.7961,1.3235294117647058,1.0,1660.785294117647,308.84117647058827,99.82352941176471,34,san_fran
664,2017-09-02,34.14165,-117.91890000000001,1.6666666666666667,1.0,1118.7333333333333,317.68333333333334,99.0,6,los_angeles
665,2017-09-03,40.5852,-122.6254,1.75,1.0,1705.0,304.8875,99.25,8,san_fran
666,2017-09-04,40.68528461538461,-121.978,1.6923076923076923,1.0,1180.4307692307693,338.5076923076923,100.0,13,san_fran
667,2017-09-05,39.73779999999999,-117.7376,2.0,1.0,1061.6,313.75,100.0,2,san_fran
668,2017-09-07,39.696600000000004,-117.7887,2.0,1.0,902.5,306.25,100.0,2,san_fran
669,2017-09-13,40.225139999999996,-116.42475999999999,1.8,1.0,1042.8600000000001,338.28000000000003,100.0,5,san_fran
670,2017-09-14,40.2077,-123.0383,2.0,1.0,785.2,299.3,100.0,1,san_fran
671,2017-10-01,35.813,-119.4589,2.0,1.0,1185.8,328.5,94.0,1,los_angeles
672,2017-10-05,36.6257,-121.7708,1.0,1.0,1634.4,365.3,100.0,1,los_angeles
673,2017-10-09,38.357798611111114,-122.1351763888889,1.6111111111111112,1.0,1254.4152777777776,314.15555555555557,99.73611111111111,72,san_fran
674,2017-10-10,38.348,-122.43299999999999,1.0,1.0,1853.0,348.4,100.0,2,san_fran
675,2017-10-11,38.54801428571428,-122.58622857142858,1.2857142857142858,1.0,1023.1285714285714,304.9142857142857,96.28571428571429,7,san_fran
676,2017-10-14,38.36345,-122.42945,2.0,1.0,761.3499999999999,292.2,100.0,2,san_fran
677,2017-10-15,38.455200000000005,-122.54825,1.0,1.0,948.75,306.95000000000005,100.0,2,san_fran
678,2017-10-16,37.6677,-119.565,2.0,1.0,929.4,289.7,100.0,1,san_fran
679,2017-10-17,37.6766,-119.5575,2.0,1.0,1129.3,310.6,87.0,1,san_fran
680,2017-12-05,34.39944468085106,-119.04104255319149,1.425531914893617,1.0,1385.8212765957446,307.4723404255319,99.87234042553192,47,los_angeles
681,2017-12-06,34.44067142857143,-119.15305000000001,1.4285714285714286,1.0,1817.7214285714285,325.90714285714284,100.0,14,los_angeles
682,2017-12-07,34.427949999999996,-119.131395,1.65,1.0,1374.035,320.015,100.0,20,los_angeles
683,2017-12-08,34.503859999999996,-119.32017,2.0,1.0,1446.6,308.24,100.0,10,los_angeles
684,2017-12-09,34.44556923076923,-119.3634076923077,1.2307692307692308,1.0,2130.4307692307693,305.4384615384615,95.15384615384616,13,los_angeles
685,2017-12-10,34.46508181818182,-119.43307045454544,1.6363636363636365,1.0,2138.25,298.63863636363635,99.56818181818181,44,los_angeles
686,2017-12-11,34.494706666666666,-119.42356,1.6666666666666667,1.0,1042.66,319.53333333333336,99.6,15,los_angeles
687,2017-12-12,34.4237,-118.9652,1.0,1.0,774.2,302.5,100.0,1,los_angeles
688,2017-12-14,34.53146666666667,-119.20868666666667,1.7333333333333334,1.0,1637.0866666666666,326.5866666666667,100.0,15,los_angeles
689,2017-12-15,34.55863333333333,-119.32653333333333,2.0,1.0,1333.2333333333333,306.43333333333334,100.0,3,los_angeles
690,2017-12-16,34.471155555555555,-119.57372222222223,1.5555555555555556,1.0,1704.4111111111113,333.5111111111111,100.0,9,los_angeles
691,2017-12-17,34.5501,-119.1731,1.0,1.0,1616.8,320.9,100.0,1,los_angeles
692,2017-12-18,34.6278,-119.4223,2.0,1.0,1218.9,317.1,100.0,1,los_angeles
693,2018-05-13,32.6615,-115.536,1.0,1.0,804.2,310.3,100.0,1,los_angeles
694,2018-06-24,38.519512500000005,-121.29285,1.625,1.0,1966.275,330.65,96.0,8,san_fran
695,2018-06-25,39.06626666666667,-122.5631,2.0,1.0,1057.8333333333333,310.6666666666667,98.0,3,san_fran
696,2018-07-01,38.674083333333336,-122.17595833333333,1.3333333333333333,1.0,1332.25,331.125,100.0,12,san_fran
697,2018-07-02,40.06081666666667,-117.13221666666668,1.3333333333333333,1.0,1049.0833333333333,318.1,94.83333333333333,6,san_fran
698,2018-07-04,40.21965,-114.4723,2.0,1.0,1501.6,367.3,100.0,2,san_fran
699,2018-07-05,41.57713333333333,-117.35199166666666,1.7916666666666667,1.0,1498.9416666666666,343.43333333333334,100.0,24,san_fran
700,2018-07-06,41.19054166666667,-120.11294166666666,1.5833333333333333,1.0,1244.5916666666667,295.7416666666667,96.25,12,san_fran
701,2018-07-07,41.5358875,-117.072725,1.5,1.0,1121.5,344.95000000000005,100.0,8,san_fran
702,2018-07-08,41.639403333333334,-116.86333333333333,1.7,1.0,1226.2733333333333,311.2366666666667,99.8,30,san_fran
703,2018-07-09,41.63185,-116.84915,1.5,1.0,1041.35,364.9,100.0,2,san_fran
704,2018-07-14,33.481833333333334,-114.58846666666666,2.0,1.0,1853.7666666666667,324.59999999999997,98.0,3,los_angeles
705,2018-07-15,37.62256666666667,-119.83463333333333,1.6666666666666667,1.0,808.3666666666667,302.3,100.0,3,san_fran
706,2018-07-19,38.1897,-118.56965,1.5,1.0,2720.45,327.5,97.0,2,san_fran
707,2018-07-21,41.46917777777778,-116.47962222222223,1.1111111111111112,1.0,1312.6999999999998,304.68888888888887,99.33333333333333,9,san_fran
708,2018-07-22,39.09823333333333,-118.64673333333333,1.6666666666666667,1.0,1001.3333333333334,301.23333333333335,100.0,3,san_fran
709,2018-07-23,40.6619,-122.6313,2.0,1.0,1369.1,330.8,100.0,1,san_fran
710,2018-07-25,34.9882,-117.78423333333335,1.0,1.0,1334.9666666666667,308.40000000000003,100.0,3,los_angeles
711,2018-07-26,38.92763214285714,-121.0815357142857,1.3571428571428572,1.0,1748.7107142857144,339.62142857142857,97.82142857142857,28,san_fran
712,2018-07-27,40.584759999999996,-122.52657333333333,1.2,1.0,1289.22,304.8666666666667,98.33333333333333,15,san_fran
713,2018-07-28,40.43078235294118,-119.60161764705882,1.5294117647058822,1.0,1410.0,339.5382352941176,100.0,34,san_fran
714,2018-07-29,39.956599999999995,-119.50542222222222,1.4074074074074074,1.0,1590.2074074074073,311.7,99.29629629629629,27,san_fran
715,2018-07-30,39.61296153846153,-122.29256923076923,1.7692307692307692,1.0,1311.6153846153845,361.5230769230769,100.0,13,san_fran
716,2018-07-31,39.33252,-122.009444,1.84,1.0,1547.74,316.784,99.76,25,san_fran
717,2018-08-01,39.2227,-122.811,2.0,1.0,1149.9,319.3,100.0,1,san_fran
718,2018-08-02,38.987729411764704,-122.43503529411764,1.4705882352941178,1.0,1317.035294117647,331.6235294117647,100.0,17,san_fran
719,2018-08-03,39.31370952380952,-122.73465714285715,1.380952380952381,1.0,1217.5857142857142,306.0761904761905,100.0,21,san_fran
720,2018-08-04,39.323378494623654,-122.32412903225807,1.3978494623655915,1.0,1603.6086021505378,331.2494623655914,99.80645161290323,93,san_fran
721,2018-08-05,39.164813333333335,-121.93567333333334,1.2666666666666666,1.0,937.2733333333333,307.4933333333333,100.0,15,san_fran
722,2018-08-06,38.040576470588235,-121.51458235294116,1.7058823529411764,1.0,1209.105882352941,338.44705882352946,99.6470588235294,17,san_fran
723,2018-08-07,35.2228,-118.25259999999999,1.3333333333333333,1.0,1585.0333333333335,312.4666666666667,100.0,3,los_angeles
724,2018-08-08,33.695657142857144,-117.46813571428571,1.0714285714285714,1.0,2681.2642857142855,306.38571428571424,94.92857142857143,14,los_angeles
725,2018-08-09,36.778283333333334,-118.99866666666667,1.6666666666666667,1.0,1584.55,307.1166666666666,100.0,6,los_angeles
726,2018-08-10,39.2613,-122.5864,2.0,1.0,756.35,317.75,100.0,2,san_fran
727,2018-08-11,40.365762068965516,-122.20494137931034,1.896551724137931,1.0,1521.9689655172413,335.2413793103448,99.6896551724138,29,san_fran
728,2018-08-12,39.3625,-122.78514,1.6,1.0,1785.72,337.24,100.0,5,san_fran
729,2018-08-13,39.61333333333334,-122.68891666666667,1.1666666666666667,1.0,874.4666666666667,313.98333333333335,100.0,6,san_fran
730,2018-08-14,39.32085,-122.651025,2.0,1.0,2321.65,306.775,100.0,4,san_fran
731,2018-08-16,39.86572307692308,-122.43096923076922,1.8846153846153846,1.0,1595.5461538461536,317.8076923076923,98.53846153846153,26,san_fran
732,2018-08-17,41.1801,-121.51493333333333,2.0,1.0,807.3666666666667,331.3,95.66666666666667,3,san_fran
733,2018-08-18,41.7362,-116.18543333333334,1.6666666666666667,1.0,1044.0666666666666,302.5,100.0,6,san_fran
734,2018-08-19,41.15556,-117.54033333333334,1.2666666666666666,1.0,1355.5333333333333,337.3933333333333,100.0,15,san_fran
735,2018-08-20,41.13489473684211,-117.82198947368421,1.736842105263158,1.0,1449.6789473684212,306.78421052631575,100.0,19,san_fran
736,2018-08-21,41.4061,-121.09675,1.0,1.0,903.7,288.35,100.0,2,san_fran
737,2018-08-22,41.57491875,-117.9818125,1.25,1.0,1787.96875,316.80625,98.875,16,san_fran
738,2018-08-23,41.09548888888889,-119.32141111111112,1.6666666666666667,1.0,1014.5,314.8777777777778,100.0,9,san_fran
739,2018-08-24,41.17293333333333,-115.59633333333333,1.6666666666666667,1.0,1073.2666666666667,324.43333333333334,100.0,3,san_fran
740,2018-08-25,40.70013333333333,-116.92028,1.8666666666666667,1.0,1142.8866666666665,311.23333333333335,100.0,15,san_fran
741,2018-08-26,40.832252631578946,-117.02406315789473,1.263157894736842,1.0,1633.1894736842105,320.6157894736842,98.0,19,san_fran
742,2018-08-28,39.488733333333336,-122.68886666666667,1.6666666666666667,1.0,984.6,317.43333333333334,100.0,3,san_fran
743,2018-08-30,40.153075,-114.865375,1.5,1.0,1074.875,318.725,98.5,4,san_fran
744,2018-09-01,40.987633333333335,-122.35193333333332,2.0,1.0,2797.7333333333336,302.6666666666667,100.0,3,san_fran
745,2018-09-05,40.48161111111111,-121.90102222222221,1.7777777777777777,1.0,1563.822222222222,345.6222222222222,97.88888888888889,9,san_fran
746,2018-09-06,41.02255454545455,-122.51025454545456,1.1363636363636365,1.0,2170.1454545454544,301.22272727272724,100.0,22,san_fran
747,2018-09-07,41.01485,-122.4322,2.0,1.0,1092.4499999999998,400.1,100.0,2,san_fran
748,2018-09-11,41.0591,-122.4858,1.0,1.0,762.9,297.6,100.0,1,san_fran
749,2018-09-25,41.8518,-123.6381,2.0,1.0,1259.9,332.4,100.0,1,san_fran
750,2018-09-28,40.6463,-122.01175,2.0,1.0,1529.7,321.25,100.0,2,san_fran
751,2018-09-30,40.665800000000004,-115.4743,2.0,1.0,2037.7400000000002,313.1,97.4,5,san_fran
752,2018-11-08,39.77983076923077,-121.52710512820512,1.205128205128205,1.0,1252.1974358974358,302.73333333333335,96.87179487179488,39,san_fran
753,2018-11-09,36.2917698630137,-119.84806438356165,1.4109589041095891,1.0,1622.5232876712328,317.33561643835617,99.20547945205479,73,los_angeles
754,2018-11-10,34.059200000000004,-118.7243875,1.0,1.0,1325.5125,333.45,100.0,8,los_angeles
755,2018-11-11,37.913241666666664,-120.58412499999999,1.5,1.0,1580.5583333333334,313.97499999999997,100.0,12,san_fran
756,2018-11-12,39.6414,-121.5075,2.0,1.0,1017.7,316.6,100.0,1,san_fran
757,2019-06-12,35.6737,-120.3908,2.0,1.0,946.2,313.2,100.0,1,los_angeles
758,2019-07-30,41.8158,-121.21100000000001,1.0,1.0,1291.65,301.05,100.0,2,san_fran
759,2019-08-05,40.77415714285714,-115.18230000000001,1.0,1.0,852.0142857142857,311.5285714285714,100.0,7,san_fran
760,2019-08-22,40.6995,-122.2629,1.0,1.0,748.0,326.5,100.0,1,san_fran
761,2019-09-05,36.83285,-120.02674999999999,2.0,1.0,783.1,318.7,100.0,2,los_angeles
762,2019-09-06,40.18050689655173,-120.7495448275862,1.9655172413793103,1.0,2104.1758620689657,330.35517241379307,99.89655172413794,29,san_fran
763,2019-09-07,40.11215,-120.61168333333335,1.0,1.0,878.1833333333334,299.09999999999997,97.83333333333333,6,san_fran
764,2019-09-08,37.813316666666665,-118.91525,1.5833333333333333,1.0,1101.6916666666666,306.03333333333336,100.0,12,san_fran
765,2019-09-14,40.1211,-122.859,1.0,1.0,1279.7,339.0,100.0,1,san_fran
766,2019-09-15,40.367155555555556,-121.38976666666667,2.0,1.0,2056.2444444444445,343.34444444444443,100.0,9,san_fran
767,2019-10-07,37.5935,-119.9504,2.0,1.0,751.6,314.9,100.0,1,san_fran
768,2019-10-08,37.610099999999996,-119.93973333333334,2.0,1.0,2175.6666666666665,337.18333333333334,97.83333333333333,6,san_fran
769,2019-10-09,37.5911,-119.9026,1.0,1.0,913.0,316.8,100.0,1,san_fran
770,2019-10-10,38.69885,-120.1683,1.0,1.0,864.6500000000001,293.35,100.0,2,san_fran
771,2019-10-24,37.89911,-121.92711999999999,1.3,1.0,1380.33,336.04,100.0,10,san_fran
772,2019-10-26,38.7183,-122.7351,2.0,1.0,1301.7,336.1,100.0,1,san_fran
773,2019-10-27,38.68861,-122.738415,1.8,1.0,1866.345,307.62,100.0,20,san_fran
774,2019-10-28,34.0957,-118.47805,2.0,1.0,1528.15,310.0,100.0,2,los_angeles
775,2019-10-31,34.1879,-117.2617,2.0,1.0,726.3,288.0,100.0,1,los_angeles
776,2019-11-01,34.335350000000005,-119.04475,1.0,1.0,1578.3,309.85,100.0,2,los_angeles
777,2019-11-26,34.49966666666666,-119.77283333333332,1.6666666666666667,1.0,1021.6666666666666,311.96666666666664,100.0,3,los_angeles
778,2020-01-07,37.9253,-120.0065,1.0,1.0,783.9,287.7,100.0,1,san_fran
779,2020-06-24,38.8696,-119.5518,2.0,1.0,717.2,335.5,100.0,1,san_fran
780,2020-06-27,37.556925,-115.0068,2.0,1.0,1337.7,311.35,100.0,4,san_fran
781,2020-06-28,39.5976,-119.89333333333333,1.0,1.0,1401.3999999999999,311.73333333333335,100.0,3,san_fran
782,2020-07-07,38.86792727272727,-119.58932727272727,1.6363636363636365,1.0,1141.6727272727273,324.47272727272724,100.0,11,san_fran
783,2020-07-13,37.898799999999994,-114.1034,2.0,1.0,1343.4499999999998,323.65,100.0,2,san_fran
784,2020-07-14,37.2899625,-116.490925,1.625,1.0,1020.9375,330.8375,100.0,8,san_fran
785,2020-07-16,37.988499999999995,-114.0372,1.0,1.0,1260.8999999999999,324.73333333333335,100.0,3,san_fran
786,2020-07-19,37.90246,-120.7233,1.6,1.0,967.0800000000002,327.46,100.0,5,san_fran
787,2020-07-21,41.0715,-120.80256666666666,1.6666666666666667,1.0,895.7666666666668,324.53333333333336,100.0,3,san_fran
788,2020-07-24,41.44456666666667,-121.21593333333333,1.0,1.0,1200.2,320.0,98.0,3,san_fran
789,2020-07-26,41.714,-121.4422,2.0,1.0,799.9,400.1,100.0,1,san_fran
790,2020-07-27,37.024100000000004,-116.16835,1.0,1.0,1653.1,360.5,100.0,2,san_fran
791,2020-07-29,40.6425,-119.80285,2.0,1.0,1014.4,326.17499999999995,95.25,4,san_fran
792,2020-07-30,41.69996666666666,-121.48263333333334,1.0,1.0,1344.6000000000001,340.4666666666667,100.0,3,san_fran
793,2020-08-01,34.005939999999995,-116.93208,1.6,1.0,825.6,337.52,98.4,5,los_angeles
794,2020-08-02,34.04584,-116.82808,1.2666666666666666,1.0,1218.54,329.0,100.0,15,los_angeles
795,2020-08-03,36.9711,-118.42535,1.5,1.0,757.9,303.04999999999995,100.0,2,los_angeles
796,2020-08-04,36.21457,-117.32737999999999,1.3,1.0,1442.96,324.2,99.1,10,los_angeles
797,2020-08-06,36.70164,-116.1685,1.2,1.0,840.5200000000001,313.1,100.0,5,los_angeles
798,2020-08-07,33.9917125,-116.818225,1.875,1.0,3372.5375000000004,334.3375,100.0,8,los_angeles
799,2020-08-13,40.8487,-119.6245,2.0,1.0,756.4,400.1,100.0,1,san_fran
800,2020-08-14,35.582657142857144,-118.68044285714286,1.8571428571428572,1.0,2676.1428571428573,317.61428571428576,100.0,7,los_angeles
801,2020-08-15,38.58832727272728,-120.30906363636363,1.9090909090909092,1.0,1461.2727272727273,352.0090909090909,97.18181818181819,11,san_fran
802,2020-08-16,38.0079,-119.57481666666666,1.0,1.0,1128.0,305.43333333333334,100.0,6,san_fran
803,2020-08-17,36.594100000000005,-120.01644285714285,1.0,1.0,924.9,328.82857142857137,100.0,7,los_angeles
804,2020-08-18,36.84106666666667,-120.74846666666667,1.0,1.0,1429.0666666666666,314.25,99.0,6,los_angeles
805,2020-08-19,38.176086805555556,-122.13323958333334,1.3402777777777777,1.0,1617.2979166666667,307.4319444444444,99.40277777777777,144,san_fran
806,2020-08-20,38.43501428571429,-121.4722873015873,1.4761904761904763,1.0,1337.0111111111112,325.4063492063492,100.0,63,san_fran
807,2020-08-21,36.0974,-119.84733333333332,1.2222222222222223,1.0,1089.5888888888887,305.9,100.0,9,los_angeles
808,2020-08-22,39.12435714285714,-120.93289047619048,1.6666666666666667,1.0,1068.3809523809523,339.27142857142854,98.33333333333333,21,san_fran
809,2020-08-23,40.48717857142857,-120.706925,1.8928571428571428,1.0,1304.3999999999999,312.28214285714284,98.67857142857143,28,san_fran
810,2020-08-24,36.701725,-119.39864166666666,1.5416666666666667,1.0,1424.0166666666667,332.125,98.125,24,los_angeles
811,2020-08-25,39.6349,-122.824,1.0,1.0,873.3,293.2,94.0,1,san_fran
812,2020-08-27,38.07795,-122.131325,1.5,1.0,1182.975,348.75,100.0,4,san_fran
813,2020-08-28,39.15555,-122.37865,1.6666666666666667,1.0,1911.6666666666667,317.59999999999997,100.0,6,san_fran
814,2020-08-29,36.814433333333334,-120.4545,1.0,1.0,2045.6499999999999,321.6333333333333,100.0,6,los_angeles
815,2020-08-30,37.58108888888889,-120.02425555555556,1.7777777777777777,1.0,1090.8111111111111,304.8277777777778,100.0,18,san_fran
816,2020-08-31,40.3074375,-123.0517375,1.75,1.0,1477.325,316.725,100.0,8,san_fran
817,2020-09-01,40.721358333333335,-123.25533333333333,1.0,1.0,1339.3666666666666,312.05833333333334,100.0,12,san_fran
818,2020-09-02,39.48054166666667,-122.15298333333334,1.8333333333333333,1.0,1360.4916666666666,312.8833333333333,100.0,12,san_fran
819,2020-09-03,36.20177777777778,-118.43273333333335,1.3333333333333333,1.0,2046.7777777777778,319.68888888888887,100.0,9,los_angeles
820,2020-09-04,39.52167142857143,-122.05995952380951,1.8095238095238095,1.0,2015.0904761904762,315.6,99.54761904761905,42,san_fran
821,2020-09-05,37.76983571428571,-120.44553214285715,1.6785714285714286,1.0,1284.9464285714287,356.0607142857143,98.67857142857143,28,san_fran
822,2020-09-06,36.86656781609195,-119.2342183908046,1.8735632183908046,1.0,1444.1540229885056,296.69425287356324,99.34482758620689,87,los_angeles
823,2020-09-07,37.83620566037736,-120.1861283018868,1.490566037735849,1.0,1571.7292452830188,338.7188679245283,99.40566037735849,106,san_fran
824,2020-09-08,39.6425933908046,-122.27719367816093,1.396551724137931,1.0,1983.41091954023,318.0,99.85919540229885,348,san_fran
825,2020-09-09,39.878294699646645,-122.2278367491166,1.2756183745583038,1.0,1859.7717314487634,309.5438162544169,99.90812720848056,283,san_fran
826,2020-09-10,38.86584285714286,-121.68685714285714,1.2857142857142858,1.0,1030.3714285714286,316.35714285714283,100.0,7,san_fran
827,2020-09-11,38.681664999999995,-121.67499000000001,1.35,1.0,1371.6399999999999,306.005,100.0,20,san_fran
828,2020-09-12,37.47623793103448,-119.85055517241379,1.4827586206896552,1.0,1475.7172413793105,325.92758620689654,99.55172413793103,29,san_fran
829,2020-09-13,38.36092837837838,-121.17017837837837,1.7972972972972974,1.0,1718.3662162162163,310.1918918918919,99.98648648648648,74,san_fran
830,2020-09-14,37.06903653846154,-119.76486153846153,1.6730769230769231,1.0,1374.25,339.04038461538465,99.51923076923077,52,san_fran
831,2020-09-15,37.938774074074075,-121.00588148148148,1.7037037037037037,1.0,1699.825925925926,317.45185185185187,100.0,27,san_fran
832,2020-09-16,37.39774666666666,-119.66492000000001,1.6888888888888889,1.0,1326.6155555555556,338.67555555555555,99.86666666666666,45,san_fran
833,2020-09-17,37.10313548387097,-119.41939677419354,1.8709677419354838,1.0,1525.8709677419354,317.1064516129032,99.80645161290323,31,san_fran
834,2020-09-18,34.48020476190476,-117.87359047619049,1.4761904761904763,1.0,1447.2857142857142,323.7333333333333,100.0,21,los_angeles
835,2020-09-19,36.525225,-119.9044875,1.25,1.0,2013.4625,329.9875,100.0,8,los_angeles
836,2020-09-20,35.83695,-118.52512777777777,2.0,1.0,1309.7222222222222,308.9166666666667,100.0,18,los_angeles
837,2020-09-21,36.20118333333333,-119.07511666666666,1.6666666666666667,1.0,1033.0916666666667,337.2,100.0,12,los_angeles
838,2020-09-22,36.99508461538461,-118.60738076923077,1.7692307692307692,1.0,1399.1307692307694,307.35,96.34615384615384,26,san_fran
839,2020-09-25,37.518,-119.3336,1.0,1.0,780.1,315.6,100.0,1,san_fran
840,2020-09-27,40.25558260869565,-123.20394782608695,1.8695652173913044,1.0,1503.8434782608697,307.45217391304345,99.52173913043478,23,san_fran
841,2020-09-28,39.45185853658537,-122.8299219512195,1.4146341463414633,1.0,1172.3000000000002,336.7439024390244,99.85365853658537,41,san_fran
842,2020-09-29,40.26397777777778,-122.29526666666668,1.3333333333333333,1.0,1160.211111111111,309.26666666666665,100.0,9,san_fran
843,2020-09-30,40.544025000000005,-123.2077,1.75,1.0,979.475,320.65,100.0,4,san_fran
844,2020-10-01,37.2451,-120.21876,1.4,1.0,1296.48,320.41999999999996,100.0,5,san_fran
845,2020-10-03,40.057046666666665,-123.11906,1.8666666666666667,1.0,1393.506666666667,345.22,100.0,15,san_fran
846,2020-10-04,36.9336,-118.779525,1.75,1.0,1234.25,319.025,100.0,4,los_angeles
847,2020-10-05,38.383500000000005,-119.42904285714285,1.5714285714285714,1.0,1039.1571428571428,327.0285714285714,100.0,7,san_fran
848,2020-10-06,38.19428333333334,-120.97988333333335,1.5,1.0,1143.4333333333334,304.1166666666667,97.83333333333333,6,san_fran
849,2020-10-07,38.1378,-120.89869999999999,1.5,1.0,972.425,338.375,96.75,4,san_fran
850,2020-10-09,39.89463333333333,-123.1124,2.0,1.0,1805.6666666666667,344.9666666666667,100.0,3,san_fran
851,2020-10-12,37.49212222222222,-119.17635555555555,1.7777777777777777,1.0,1780.8111111111111,339.31111111111113,99.33333333333333,9,san_fran
852,2020-10-14,37.4804875,-119.1681,1.75,1.0,1169.25,318.35,96.75,8,san_fran
853,2020-10-15,37.46794,-119.15988,1.0,1.0,1102.3799999999999,295.36,100.0,5,san_fran
854,2020-10-16,37.45128333333333,-119.14573333333334,1.6666666666666667,1.0,1357.7666666666667,333.4166666666667,100.0,6,san_fran
855,2020-10-17,37.44815,-119.14295,2.0,1.0,1236.7,302.85,100.0,2,san_fran
856,2020-10-19,37.4115,-119.1069,2.0,1.0,1482.1000000000001,314.3,100.0,3,san_fran
857,2020-10-20,37.4264,-119.1099,2.0,1.0,1874.7,304.6,100.0,1,san_fran
858,2020-10-21,37.4077,-119.07560000000001,2.0,1.0,754.05,317.05,100.0,2,san_fran
859,2020-10-24,37.39435,-119.11789999999999,2.0,1.0,1164.6,295.45,100.0,2,san_fran
860,2020-10-26,36.202666666666666,-118.64855,1.3333333333333333,1.0,1346.2833333333333,304.9166666666667,100.0,6,los_angeles
861,2020-11-18,38.54415,-119.39395,1.0,1.0,1172.175,289.1,100.0,4,san_fran
